PLAYER,All-Star,TEAM,AGE,GP,W,L,MIN,PTS,FGM,FGA,FG%,3PM,3PA,3P%,FTM,FTA,FT%,OREB,DREB,REB,AST,TOV,STL,BLK,PF,FP,DD2,TD3,+/-,OFFRTG,DEFRTG,NETRTG,AST%,AST/TO,AST Ratio,OREB%,DREB%,REB%,TO Ratio,eFG%,TS%,USG%,PACE,PIE
Aaron Gordon,0,ORL,24,49,22,27,32.2,14.2,5.3,12.6,42.4,1.2,4,30.8,2.3,3.4,67.5,1.7,5.6,7.3,3.1,1.6,0.8,0.5,2,29.9,13,0,-2.6,105.7,109.2,-3.5,14.9,2.03,16.8,5,17.2,10.9,8.3,47.3,50.4,20.7,98.86,9.8
Aaron Holiday,0,IND,23,49,30,19,22.8,9.9,3.7,8.9,41.5,1.5,3.7,41.3,1,1.1,87,0.4,1.8,2.2,3.4,1.3,0.7,0.2,1.8,19.2,2,0,1.9,111,108.2,2.8,20.5,2.71,24.4,1.6,7.7,4.7,9,50,52.5,20,99.77,8.2
Abdel Nader,0,OKC,26,39,26,13,15.1,5.7,2,4.4,45.9,0.7,2.2,34.1,0.9,1.2,78.3,0.3,1.3,1.6,0.6,0.8,0.4,0.3,1.3,9.9,0,0,-1.5,98.5,103,-4.5,6.5,0.78,10.1,1.6,8.4,5,13,54.4,58,16.2,101.73,6.5
Adam Mokoka,0,CHI,21,6,1,5,3.6,2.5,1,2.5,40,0.5,1.2,42.9,0,0.3,0,0.7,0,0.7,0,0,0.2,0,0.2,3.8,0,0,2.2,104.3,81.8,22.4,0,0,0,12.5,0,7.7,0,50,47.2,26.3,100.03,8.8
Admiral Schofield,0,WAS,23,26,8,18,11.2,3.2,1.2,2.9,40,0.5,1.8,29.8,0.3,0.5,69.2,0.2,1.1,1.3,0.5,0.3,0.3,0.1,1.6,6.6,0,0,-1.2,104.2,108.7,-4.6,6.8,2,13.7,1.8,9.2,5.4,6.9,49.3,51.4,12.4,103.17,3.7
Al Horford,0,PHI,34,50,30,20,30.9,12,4.9,11.1,44,1.4,4.4,32.7,0.8,1.1,73.2,1.5,5.2,6.7,3.9,1,0.9,0.9,2.1,30.2,4,0,2.1,107.5,103.8,3.7,17.7,3.71,23.4,4.9,16.1,10.6,6.3,50.5,51.9,17.5,100.71,11.1
Al-Farouq Aminu,0,ORL,29,18,7,11,21.1,4.3,1.4,4.8,29.1,0.5,2,25,1.1,1.6,65.5,1.3,3.5,4.8,1.2,0.9,1,0.4,1.5,15.3,1,0,-1.9,94.7,100.1,-5.4,8.8,1.24,15.2,5.3,15.8,10.2,12.3,34.3,39.5,12.7,100.15,6.3
Alec Burks,0,PHI,28,49,12,37,28.7,15.8,5,12.3,40.5,1.7,4.6,37.2,4.1,4.6,89.7,0.8,3.9,4.6,3.1,1.6,1,0.3,2.2,28.6,1,0,-5.3,107.5,103.8,3.7,17.7,3.71,23.4,4.9,16.1,10.6,6.3,50.5,51.9,17.5,100.71,11.1
Alen Smailagic,0,GSW,19,12,1,11,9.9,4.7,1.6,3,52.8,0.3,0.9,27.3,1.3,1.5,83.3,0.7,1.3,2,0.8,0.8,0.2,0.3,1,8.9,0,0,-1.1,107.5,103.8,3.7,17.7,3.71,23.4,4.9,16.1,10.6,6.3,50.5,51.9,17.5,100.71,11.1
Alex Caruso,0,LAL,26,50,39,11,18.2,5.5,1.9,4.5,42,0.7,1.9,36.2,1,1.3,78.5,0.2,1.7,1.9,1.7,0.8,1,0.3,1.6,13.5,0,0,3.9,107.5,103.8,3.7,17.7,3.71,23.4,4.9,16.1,10.6,6.3,50.5,51.9,17.5,100.71,11.1
Alex Len,0,SAC,27,40,9,31,18.6,8.7,3.6,6.5,54.6,0.4,1.4,25,1.3,2,63,1.7,4,5.8,1.1,1,0.5,0.8,2.3,20.2,7,0,-3.3,107.5,103.8,3.7,17.7,3.71,23.4,4.9,16.1,10.6,6.3,50.5,51.9,17.5,100.71,11.1
Alfonzo McKinnie,0,CLE,27,37,9,28,14.3,4.3,1.7,4.1,41.4,0.3,1.6,20.3,0.5,0.8,69,0.8,1.9,2.8,0.4,0.6,0.6,0.2,1.7,9.7,1,0,-1.7,107.3,113.2,-5.9,3.3,0.57,6.5,5.7,13.5,9.5,11.4,45.4,47.9,14.6,101.72,4.5
Alize Johnson,0,IND,24,11,8,3,4.2,1.6,0.6,1.3,50,0,0,0,0.4,0.5,66.7,0.5,0.8,1.4,0.2,0.1,0,0,0.5,3.5,0,0,0.5,113.7,112.2,1.5,5.6,2,10.5,11.1,20.5,15.3,5.3,50,54.1,13.9,104.82,8
Allen Crabbe,0,MIN,28,36,5,31,17.8,4.8,1.8,4.9,36,1,3.3,30.8,0.3,0.4,71.4,0.3,1.8,2.1,0.9,0.4,0.4,0.1,1.3,9.9,0,0,-6,97.6,112.7,-15.1,7.4,2.06,14.4,1.4,10,5.4,7,46.3,47.5,12.2,106.11,4.6
Allonzo Trier,0,NYK,24,20,2,18,12.3,6,1.9,4.3,43.5,0.8,2.3,32.6,1.6,2,79.5,0.2,1.1,1.3,1.2,1,0.1,0.2,1.2,9.3,0,0,-3.9,97,111.5,-14.6,16.7,1.2,16.3,1.4,8.9,4.8,13.6,52.4,58.7,20.3,103.13,8
Amile Jefferson,0,ORL,27,18,5,13,4.1,0.8,0.3,0.8,35.7,0,0,0,0.3,0.8,35.7,0.6,0.7,1.3,0.2,0.2,0.1,0.2,0.4,3.2,0,0,1,96.9,88.4,8.5,7.8,1.33,14.3,11.2,16.3,13.6,10.7,35.7,37.2,12.9,101.71,5.1
Amir Coffey,0,LAC,23,6,2,4,8.9,3.2,1.5,3,50,0.2,0.8,20,0,0.2,0,0.3,0.8,1.2,0.5,0.3,0.2,0.2,0.7,6,0,0,2.2,114.9,100.9,14.1,7.5,1.5,13,3.6,8.9,6.3,8.7,52.8,51.5,15.2,103.5,6.6
Andre Drummond,0,CLE,26,51,18,33,33.4,17.7,7.3,13.8,52.8,0.1,0.5,12,3,5.2,58.1,4.7,11.1,15.8,2.8,3.6,1.9,1.7,3.5,48,44,0,-2.8,107,111.2,-4.1,13.6,0.78,12.4,13.4,33.9,23.3,15.9,53,54.9,25.2,98.65,15.6
Andre Iguodala,0,MIA,36,3,1,2,21.1,4.3,1.7,3,55.6,1,2.3,42.9,0,0,0,1.7,3.7,5.3,2.3,1.3,0.3,0.3,2.3,14.9,0,0,7.7,116.5,101.5,15.1,13.7,1.75,35,7.5,15.5,11.6,20,72.2,72.2,8.3,104.68,7.8
Andrew Wiggins,0,GSW,25,45,12,33,34.5,22.5,8.3,18.4,45.1,2.2,6.4,34.1,3.6,5.1,71.9,1.1,4,5,3.7,2.6,0.8,0.9,2.4,36.7,2,1,-2.3,108.1,111.3,-3.2,18.3,1.45,13.8,2.9,11.1,6.9,9.5,51,54.3,27.3,103.83,10.8
Anfernee Simons,0,POR,21,55,24,31,22.2,9.1,3.4,8.2,41.5,1.2,3.4,34,1.2,1.4,82.1,0.4,2.1,2.5,1.5,1,0.3,0.2,2,14.8,1,0,-4,105.3,113.5,-8.2,10.2,1.57,13.4,1.6,8.4,5,8.5,48.6,51.7,18.1,103.1,6.1
Ante Zizic,0,CLE,23,16,2,14,10,4.3,1.8,3.1,57.1,0,0,0,0.8,0.9,86.7,0.9,2.6,3.4,0.2,0.3,0.4,0.3,1.3,10.3,1,0,0.1,114.3,114.7,-0.4,2.6,0.6,4.8,8.8,25.9,17.4,7.9,57.1,62.1,15.4,102.95,12
Anthony Davis,1,LAL,27,46,36,10,34.7,26.6,9.3,17.9,51.9,1.1,3.4,31.6,7,8.2,85.3,2.1,7.2,9.2,3.3,2.4,1.6,2.4,2.4,52,23,0,4.7,112.3,106.3,5.9,15.3,1.36,12.2,5.8,19.8,12.9,9,54.8,61.9,28.2,102.5,18.3
Anthony Tolliver,0,MEM,35,42,19,23,15.1,3.3,1.1,3.2,34.3,0.8,2.5,30.8,0.3,0.5,66.7,0.7,2.2,2.9,0.8,0.6,0.3,0.2,1.4,8.9,1,0,-3.7,104.5,115.6,-11.1,6.7,1.28,16,4,13.9,8.7,12.5,46.3,48.2,10.9,103.74,4.4
Antonius Cleveland,0,DAL,26,6,4,2,3.7,0.8,0.3,1,33.3,0,0.2,0,0.2,0.3,50,0,0.5,0.5,0,0.2,0.2,0.2,0.3,2.3,0,0,-1.8,97.9,123.9,-26,0,0,0,0,25,7.7,12.5,33.3,36.3,14.3,99.87,1.6
Anzejs Pasecniks,0,WAS,24,20,7,13,18.5,7,2.7,5.1,52.9,0,0.1,0,1.6,2.5,62,1.9,2.9,4.7,0.9,1.1,0.4,0.5,2.9,15.5,0,0,0.2,110.7,109.3,1.3,6.5,0.77,10.5,9,15.9,12.2,13.6,52.9,56,15.9,103.81,6.7
Aron Baynes,0,PHX,33,33,15,18,22.9,11.5,4.4,9,49,1.3,3.8,33.3,1.3,1.8,72.1,1.6,4.1,5.8,1.9,1.2,0.2,0.6,3.5,22.4,2,0,-1.2,108.5,110.5,-2,12.3,1.59,14.7,7,17.8,12.3,9.2,56,58.2,19.8,103.28,9.6
Austin Rivers,0,HOU,27,50,33,17,23.6,8.5,3,7.4,41.2,1.3,4,33.7,1.1,1.5,68.8,0.4,2.1,2.4,1.5,0.6,0.7,0.2,1.8,15.6,0,0,1.5,113.4,110.3,3.1,8.9,2.57,15.2,1.4,8.2,4.7,5.9,50.3,52.6,14.8,105.74,5.8
Avery Bradley,0,LAL,29,39,28,11,23.4,8.5,3.5,7.6,45.9,1.1,3.1,37,0.4,0.5,80,0.4,1.8,2.2,1.2,0.9,0.8,0.1,2.3,14.6,0,0,2.6,110.8,105.5,5.3,6.5,1.22,11.7,1.9,7.4,4.7,9.6,53.4,54.5,15.5,102.41,5.3
BJ Johnson,0,ORL,24,8,4,4,5.8,1.6,0.6,2.3,27.8,0.1,0.8,16.7,0.3,0.3,100,0.1,0.6,0.8,0.3,0.4,0.3,0,0,3.3,0,0,-2.9,103.6,110.5,-7,7.3,0.98,10.3,11.9,17.4,14.6,10.6,54.2,57.1,17,96.49,9.8
Bam Adebayo,1,MIA,22,54,35,19,34.5,15.8,6.2,10.7,57.9,0,0.2,9.1,3.4,5.1,68.1,2.6,7.8,10.4,4.9,2.7,1.2,1.2,2.4,40.3,31,3,3,111.8,107.4,4.4,22.3,1.83,24,7.9,21.8,15.1,13.1,58,61.3,19.9,98.22,14.8
Ben McLemore,0,HOU,27,54,34,20,23.6,10.2,3.4,7.9,43.6,2.5,6.6,38.1,0.8,1.1,75.9,0.3,1.9,2.2,0.9,0.8,0.6,0.2,2,16,1,0,3.6,115.4,108.8,6.6,5.3,1.17,9,1.2,7.4,4.3,7.7,59.4,60.9,15.7,104.61,6.4
Ben Simmons,1,PHI,23,53,33,20,36.3,16.9,6.8,11.6,58.4,0,0.1,33.3,3.3,5.3,62.8,2,5.9,7.9,8.3,3.6,2.2,0.6,3.3,43.6,30,6,1.6,109.2,106.9,2.3,34,2.31,32.1,5.4,15.8,10.6,13.9,58.5,60.7,20.5,100.94,14.4
Bismack Biyombo,0,CHA,27,45,14,31,19.2,7.5,2.9,5.3,54.2,0,0,0,1.7,2.8,61.4,2.4,3.5,5.8,0.9,0.9,0.2,0.8,2.2,18,7,0,-3,103.6,110.5,-7,7.3,0.98,10.3,11.9,17.4,14.6,10.6,54.2,57.1,17,96.49,9.8
Blake Griffin,0,DET,31,18,8,10,28.5,15.5,4.9,13.9,35.2,1.5,6.2,24.3,4.2,5.4,77.6,0.9,3.7,4.7,3.3,2.2,0.4,0.4,1.5,26.1,2,0,-1.4,109.3,111.9,-2.6,18.4,1.48,15.1,3.2,12.8,7.9,10.3,40.6,47.6,27.7,98.24,8.4
Boban Marjanovic,0,DAL,31,28,15,13,9.1,5.8,2.4,4.3,54.5,0.1,0.3,33.3,1,1.3,73,1.3,2.8,4,0.4,0.7,0.1,0.2,1.4,11.5,3,0,2.1,122,109.9,12.2,6.3,0.55,6.6,14.3,28.5,21.6,12,55.8,59,25.3,100.69,13.6
Bobby Portis,0,NYK,25,55,17,38,20.8,9.4,3.7,8.6,43.1,1,2.9,34.8,1,1.4,74.7,1.4,3.9,5.3,1.6,1.1,0.5,0.2,1.7,19.1,5,0,-3.2,100.7,109.2,-8.6,11.9,1.46,13.3,5.9,18.1,11.8,9.1,48.9,51.3,20.2,101.73,10.3
Bogdan Bogdanovic,0,SAC,27,43,19,24,28.2,14.4,5.2,12.2,42.9,2.6,7.1,36.6,1.3,1.9,69.9,0.3,2.8,3.2,3.1,1.8,0.9,0.3,2.1,24.7,2,0,-2,106.3,109.9,-3.6,18.3,1.74,17.5,1.2,10,5.5,10.1,53.6,55.3,22.6,97.93,9.7
Bojan Bogdanovic,0,UTA,31,53,36,17,33.3,21,6.9,15.2,45.4,3.2,7.5,42.5,3.9,4.4,89.7,0.6,3.5,4.1,2.1,2.5,0.6,0.1,1.8,28.6,0,0,5.9,114.8,106.6,8.1,9.8,0.83,9.7,1.8,10,6.1,11.7,55.9,61.1,25.5,99.77,10.9
Brad Wanamaker,0,BOS,30,53,38,15,18.9,6.6,2.2,5.2,42.9,0.5,1.5,37.7,1.7,1.8,91.7,0.2,1.7,2,2.7,1.1,0.7,0.2,1.8,14.8,0,0,2.1,108.2,102.5,5.7,20,2.45,27.4,1.3,8.3,4.9,11.2,48.2,55.7,15.8,101.19,8.6
Bradley Beal,0,WAS,27,46,16,30,35.5,29.1,10,22,45.4,2.5,7.9,32.2,6.6,7.9,84.3,1,3.4,4.4,6.2,3.2,1,0.4,2.2,44.8,7,0,-3.8,113.4,118.3,-4.9,28.2,1.93,17.9,2.6,9.6,6,9.3,51.2,57.3,32.9,103.61,13.9
Brandon Clarke,0,MEM,23,47,27,20,21.8,12.3,5.2,8.3,62.3,0.4,1.1,42,1.6,2,79.3,1.4,4.3,5.7,1.4,0.9,0.5,0.8,1.7,24.5,2,0,0.2,108.1,107,1.1,9.6,1.52,12.5,6.2,17.8,12.2,8.2,65,67.4,18.7,105.96,14.4
Brandon Goodwin,0,ATL,24,26,9,17,13.6,6.7,2.4,6.1,39.6,0.9,2.8,31.5,0.9,0.9,100,0.4,2,2.4,1.5,1,0.4,0.2,1.4,12.6,0,0,-3.7,94.9,107.5,-12.6,19.8,1.6,17.1,2.5,13.7,8,10.7,46.9,51,22.3,104.91,9.6
Brandon Ingram,1,NOP,22,47,18,29,34.1,24.9,8.5,18,47.3,2.5,6.3,40,5.3,6.1,86.2,0.9,5.5,6.4,4.2,3,1,0.7,2.8,40.9,8,0,-1.5,110.5,113.1,-2.5,20,1.42,15.3,2.4,15,8.8,10.7,54.3,60,28.1,104.42,14
Brandon Knight,0,DET,28,17,3,14,14.9,4.8,1.7,5.3,32.2,1.2,4,29.4,0.2,0.8,30.8,0.2,1,1.2,1.8,1.2,0.4,0.1,1.2,9.2,0,0,-3.3,103.9,114.6,-10.7,17.6,1.55,21.1,1.1,6.9,3.9,13.6,43.3,42.8,19.5,100.79,2.6
Brian Bowen II,0,IND,21,3,2,1,3.2,0.7,0.3,1.3,25,0,0.3,0,0,0,0,0,0.3,0.3,0,0,0,0.3,0,2.1,0,0,1,104.5,100,4.5,0,0,0,0,10,4.5,0,25,25,16,104.1,1.3
Brook Lopez,0,MIL,32,52,44,8,26.8,10.6,3.9,9.2,42.9,1.4,4.7,29.8,1.4,1.7,82.8,0.6,3.9,4.5,1.6,1,0.7,2.6,2.3,27.4,3,0,8,113,100.3,12.7,7.8,1.67,13.1,2.2,12.1,7.5,7.8,50.4,53.7,16.7,106.39,8.3
Bruce Brown,0,DET,23,54,18,36,27.9,8.7,3.3,7.5,44,0.6,1.6,33.7,1.6,2.1,73,1,3.5,4.5,3.9,1.8,1.1,0.5,2.8,23.3,3,0,-2.2,105.9,110.1,-4.2,20.4,2.2,27.4,3.6,12.7,8.2,12.4,47.7,51.6,15.9,98.15,8
Bruno Caboclo,0,HOU,24,22,7,15,8.7,2.8,1.3,3.1,40.6,0.2,1.1,16,0.1,0.1,66.7,0.8,1.2,2,0.5,0.3,0.5,0.5,1,8.6,1,0,-0.9,99.8,102.8,-3,7.9,1.43,11.5,7.6,13.6,10.4,8,43.5,44.1,15.8,107.53,7.2
Bruno Fernando,0,ATL,21,45,13,32,12.2,4,1.7,3.4,50.7,0.1,0.7,12.9,0.5,0.9,61.5,1.2,2.1,3.4,0.8,0.9,0.3,0.4,1.9,10.5,1,0,-0.8,102.4,104.8,-2.4,10.2,0.95,15.4,9.2,16.6,12.8,16.2,52,53.8,15.1,103.58,7.5
Bryn Forbes,0,SAS,26,54,23,31,25.3,11.1,3.8,9.4,40.7,2.3,6.1,37.6,1.1,1.3,83.1,0.2,1.8,2.1,1.9,0.9,0.5,0,1.9,17.1,0,0,-2.8,108.8,114.2,-5.4,10.6,2.19,15,0.9,7.1,4,6.9,52.8,55.3,18.6,100.13,6.2
Buddy Hield,0,SAC,27,54,21,33,33.4,20.4,7.4,17.2,43.1,3.8,9.9,38.5,1.7,2.1,83,1,4,5,3.2,2.5,0.9,0.3,2.5,32.3,2,0,-1.8,108.6,112.1,-3.5,15.5,1.32,13.7,2.8,12.5,7.5,10.4,54.2,56.3,25.9,100.09,10.2
CJ McCollum,0,POR,28,52,24,28,35.7,21.3,8.5,19,44.6,2.7,7,38.3,1.7,2.2,75,0.6,3.3,3.9,3.8,1.8,0.7,0.6,2.6,33.9,1,0,0.1,110,106.9,3.1,6.7,0.7,7.8,7.7,21.2,14.7,11.1,62,66,21.1,100.71,15.1
CJ Miles,0,WAS,33,10,4,6,16.1,6.4,1.9,5.9,32.2,1.1,3.5,31.4,1.5,2,75,0.4,0.8,1.2,1.2,0.4,1,0.4,1.4,13.4,0,0,-0.8,110,106.9,3.1,6.7,0.7,7.8,7.7,21.2,14.7,11.1,62,66,21.1,100.71,15.1
Caleb Martin,0,CHA,24,8,2,6,12.4,2.8,1,3.1,32,0.3,1,25,0.5,0.9,57.1,0.3,1.4,1.6,0.6,0.5,0.4,0.3,1.6,7,0,0,-0.5,97.6,100,-2.4,7.7,1.25,13.5,1.9,10.2,6,10.8,36,39.2,13.7,99.3,1.8
Caleb Swanigan,0,POR,23,18,9,9,11,2.2,1,2,50,0,0.1,0,0.2,0.6,40,1.2,2.6,3.8,0.9,1.3,0.1,0.3,2.2,8.1,0,0,-3.7,107.2,121.1,-13.9,10.3,0.7,20.3,10.6,23.7,17.2,29.1,50,49.5,13.2,104.63,3.7
Cam Reddish,0,ATL,20,48,12,36,26,9.3,3.2,9,35.3,1.3,4.1,31.6,1.6,2.1,78.8,0.6,3.1,3.7,1.5,1.6,1,0.5,2.3,18.9,0,0,-5.5,103.6,112.5,-8.9,8.4,0.95,11.7,2.2,11.2,6.7,12.4,42.4,46.7,18.1,105.85,5.1
Cameron Johnson,0,PHX,24,42,18,24,19.8,7.7,2.6,6.4,41.1,1.7,4.5,39,0.7,1,75,0.9,2,2.9,1.1,0.6,0.6,0.3,1.4,14.9,0,0,-1,106.1,107.5,-1.4,7.9,1.73,12.6,4.1,10.1,7,7.3,54.6,56.5,15.5,104.3,7.5
Caris LeVert,0,BKN,25,28,13,15,27.2,15.3,5.6,14,40.4,1.5,3.9,37.6,2.5,3.5,70.7,0.9,2.7,3.6,3.6,2.6,0.9,0.2,1.8,25.6,0,0,-0.8,107.1,107.9,-0.8,20.9,1.35,16.5,3,8.9,6,12.2,45.7,49.1,26.8,103.58,8.6
Carmelo Anthony,0,POR,36,40,18,22,32.5,15.1,5.8,13.9,41.4,1.4,3.9,35,2.2,2.6,83.7,1.3,5.3,6.6,1.5,1.8,0.8,0.5,3,27.4,4,0,0.2,112.3,111.9,0.4,6.6,0.86,8.2,3.9,14.9,9.5,9.6,46.3,50,22.1,100.12,7.6
Carsen Edwards,0,BOS,22,33,23,10,9,2.9,1,3.1,32,0.6,1.9,30.6,0.3,0.4,84.6,0.2,1.1,1.2,0.7,0.5,0.3,0.1,0.8,6.1,0,0,-1,94.6,99.5,-4.9,12,1.47,15.2,1.4,11.2,6.1,10.3,41.3,44.2,16.6,105.08,5.4
Cedi Osman,0,CLE,25,54,14,40,28.9,10.8,4.1,9.2,44.2,1.8,4.8,38.2,0.8,1.3,64.3,0.5,2.9,3.4,2.3,1.4,0.8,0.3,2.4,20.3,1,0,-5.6,105.9,115.4,-9.5,11.5,1.66,17.4,1.6,10.4,5.9,10.5,54.2,55.3,16,100.39,6.5
Chandler Hutchison,0,CHI,24,28,8,20,18.8,7.8,2.9,6.3,45.7,0.4,1.4,31.6,1.6,2.8,59,0.6,3.2,3.9,0.9,1,1,0.3,1.7,16.5,0,0,-5.1,97,108.9,-11.9,7.7,0.96,9.9,3.2,18,10.1,10.3,49.1,52.1,18.3,105.15,8.6
Chandler Parsons,0,ATL,31,5,0,5,10.8,2.8,1,3.6,27.8,0.8,2.8,28.6,0,0,0,0.2,1.2,1.4,0.6,0.6,0.8,0.2,0.6,7.8,0,0,-8,85.7,114.7,-29,10,1,12.5,1.5,12,6,12.5,38.9,38.9,15,112.87,3.8
Charlie Brown Jr.,0,ATL,23,10,1,9,4,2,0.6,1.9,31.6,0.3,0.9,33.3,0.5,0.5,100,0.2,0.2,0.4,0.2,0.3,0.2,0.2,0.3,3.7,0,0,2.8,106.9,73,33.9,7.7,0.67,7.7,4,4.8,4.3,11.5,39.5,47.2,23.1,104.41,7.8
Cheick Diallo,0,PHX,23,38,14,24,11,5.1,2.1,3.2,66.9,0,0.1,50,0.8,0.9,85.7,0.6,2.3,3,0.5,0.7,0.3,0.3,1.3,10.4,1,0,-1.6,103.7,109.6,-5.9,7.9,0.77,10.9,5.8,21.4,13.6,14.2,67.4,70.7,16.4,102.07,12.4
Chimezie Metu,0,SAS,23,15,7,8,4.3,2.5,1.1,1.9,55.2,0,0,0,0.4,0.5,75,0.6,0.9,1.5,0.3,0.2,0.1,0.3,0.2,5.7,0,0,0.8,100.7,97.7,3,13.2,1.67,12.2,12.9,20.9,16.8,7.3,55.2,58.4,22.1,101.07,19.4
Chris Boucher,0,TOR,27,47,34,13,12.9,6.3,2.2,4.7,46.2,0.5,1.7,27.2,1.5,1.9,77.5,1.7,2.6,4.3,0.4,0.4,0.4,0.9,1.9,15.4,3,0,1.6,108.5,103,5.4,5.1,1,6.6,12.2,17.7,15,6.6,51.1,56.6,18.7,101.65,12.3
Chris Chiozza,0,BKN,24,14,4,10,10.4,2.4,0.9,3.1,30.2,0.6,1.5,38.1,0,0,0,0,1.3,1.3,2.4,0.7,0.9,0.1,0.9,9.9,0,0,4.3,104,86.4,17.6,32.1,3.4,39.1,0,12.4,6,11.5,39.5,39.5,15,104.9,9.3
Chris Clemons,0,HOU,22,28,18,10,8.8,5,1.8,4.4,40.3,1.2,3.3,35.5,0.2,0.3,85.7,0.1,0.7,0.8,0.8,0.6,0.2,0.2,0.7,7.6,0,0,-1.7,101.1,109,-7.9,14.6,1.24,12.7,1.1,7.3,4.2,10.3,53.6,54.7,24,105.88,8
Chris Paul,1,OKC,35,54,33,21,31.8,17.4,6.1,12.6,48.5,1.6,4.5,36.2,3.6,4,89.8,0.4,4.7,5,6.7,2.1,1.6,0.1,2.3,36.6,8,0,4.6,113.9,107.4,6.5,31.6,3.19,28.9,1.1,14.5,8,9,54.9,60.7,22.2,100.5,15.1
Chris Silva,0,MIA,23,37,24,13,7.8,3.1,1.1,1.8,63.1,0,0.1,0,0.8,1.2,68.9,1.4,1.4,2.8,0.5,0.8,0.2,0.5,2,8.5,0,0,-0.2,106.8,107.6,-0.8,9.3,0.6,13.3,17.4,17.6,17.5,22.2,63.1,66.6,15.9,102.38,8.1
Christian Wood,0,DET,24,53,19,34,19.1,11.2,3.9,6.9,56.5,0.8,2,38.5,2.6,3.5,73.8,1.5,4.3,5.7,0.8,1.2,0.5,0.8,1.4,22.1,8,0,1.4,110,106.9,3.1,6.7,0.7,7.8,7.7,21.2,14.7,11.1,62,66,21.1,100.71,15.1
Clint Capela,0,ATL,26,39,22,17,32.8,13.9,6.3,9.9,62.9,0,0,0,1.4,2.7,52.9,4.3,9.5,13.8,1.2,1.6,0.8,1.8,2.6,38.8,27,0,1.5,110,107.4,2.5,5.6,0.76,8.8,11.8,26.5,19.1,11.6,62.9,62.6,15.6,104.64,14.3
Coby White,0,CHI,20,55,19,36,24.3,11.1,4.1,10.9,37,1.8,5.3,33.8,1.2,1.7,74.7,0.5,3,3.5,2.4,1.5,0.7,0.1,1.7,19.9,0,0,-3.2,102.2,108.2,-6,15.5,1.65,15.5,1.7,13,6.9,9.4,45.2,47.7,22.3,102.28,7.6
Cody Martin,0,CHA,24,37,11,26,16,4.5,1.6,3.8,43.3,0.4,1.5,25.9,0.8,1.2,66.7,0.8,2.1,2.8,1.4,0.7,0.7,0.2,1.5,11.9,0,0,-1.3,104.7,108.1,-3.4,12.4,2,21.3,4.3,13.6,8.6,10.6,48.2,51.6,13,100.25,7.3
Cody Zeller,0,CHA,27,50,15,35,23.1,11,4.3,8.5,51.1,0.3,1.4,24.3,2,2.9,68.8,2.8,4.3,7.1,1.5,1.3,0.7,0.5,2.5,23.8,9,0,-4.1,104.9,113.4,-8.5,10.7,1.14,11.8,11.2,19.4,15.1,10.4,53.1,56.3,20.1,97.99,11.1
Collin Sexton,0,CLE,21,54,14,40,32.2,19.8,7.6,16.5,46,1.3,3.6,36.5,3.3,3.8,85.9,1,2.2,3.2,2.7,2.2,1,0.1,2.1,28.8,0,0,-6.9,107.2,117.8,-10.5,13.7,1.24,11.8,3,6.9,4.9,9.5,50.1,54.4,26.3,100.04,9.2
Cory Joseph,0,SAC,28,54,21,33,24.8,6.4,2.5,6,40.9,0.7,2.2,34.2,0.7,0.9,81.3,0.6,2.1,2.6,3.4,1.1,0.7,0.3,1.9,16.7,0,0,-0.9,107.1,108.4,-1.2,19.5,3.14,31.4,2.3,8.5,5.3,10,47.1,49.8,13.1,98.73,6.6
Courtney Lee,0,DAL,34,14,9,5,10.1,4.1,1.6,2.8,56.4,0.9,1.7,54.2,0,0,0,0.1,0.5,0.6,0.4,0.2,0.3,0.2,0.9,6.7,0,0,0.6,123.1,119.2,3.9,4.5,1.67,10.6,1.5,5.2,3.3,6.4,73.1,73.1,13,100.13,6.2
Cristiano Felicio,0,CHI,27,15,5,10,17.8,4.1,1.6,2.6,61.5,0,0.1,0,0.9,1.2,77.8,2.5,2.2,4.7,0.7,0.8,0.4,0.1,1.7,11.4,0,0,-3.7,110.1,120,-9.9,5,0.83,14.5,14.7,14.1,14.4,17.4,61.5,66.1,9.3,99.66,6.5
D'Angelo Russell,0,MIN,24,35,8,27,32.2,23.6,8.3,19.1,43.1,3.7,9.7,37.9,3.5,4.3,79.6,0.4,3.2,3.7,6.3,3.1,1,0.3,2,38.2,2,0,-6.9,102.8,107.7,-4.9,10.4,2.65,15.1,0.9,8.7,4.7,5.7,52.4,53.7,15.6,101.32,8
D.J. Augustin,0,ORL,32,39,19,20,26,10.7,3.3,8.4,39.3,1.2,3.5,34.6,2.9,3.3,87.7,0.4,2.1,2.4,4.7,1.4,0.7,0,1.1,21.5,0,0,1.3,110.1,120,-9.9,5,0.83,14.5,14.7,14.1,14.4,17.4,61.5,66.1,9.3,99.66,6.5
D.J. Wilson,0,MIL,24,26,24,2,9,3.1,1.2,3,40.5,0.4,1.7,24.4,0.2,0.3,71.4,0.2,1.8,2,0.7,0.5,0,0.2,0.8,6.6,0,0,-0.8,110.1,120,-9.9,5,0.83,14.5,14.7,14.1,14.4,17.4,61.5,66.1,9.3,99.66,6.5
DaQuan Jeffries,0,SAC,22,6,1,5,3.2,1.2,0.5,1.2,42.9,0.2,0.7,25,0,0,0,0.2,0,0.2,0.2,0,0.2,0,0.5,2.1,0,0,0.2,113,109.1,3.9,5.5,1.45,11.1,3.2,10.3,6.7,7.7,54.4,57,13.3,104.89,6.9
Damian Jones,0,ATL,25,51,14,37,16.7,5.9,2.3,3.4,68.6,0,0.2,25,1.2,1.6,73.8,1.4,2.4,3.8,0.6,0.5,0.5,0.7,2.7,14.6,0,0,-4.8,104.9,117.7,-12.8,5.4,1.14,11.9,8.1,15.1,11.5,10.4,69.2,71.8,11.6,104.56,8.1
Damian Lillard,1,POR,29,54,25,29,37,29.5,9.4,20.4,46,3.9,10,39.3,6.8,7.7,88.9,0.5,3.8,4.4,7.9,2.9,1,0.3,1.7,47.6,16,1,0.9,114,113.1,0.9,34.1,2.72,23.1,1.3,9.2,5.4,8.5,55.6,62.1,29.7,102.19,16.9
Damion Lee,0,GSW,27,39,9,30,28,12,4.1,9.9,41.3,1.5,4.2,35.6,2.3,2.6,88.2,0.8,4.1,4.9,2.5,1.3,1,0.1,2.3,23.4,3,0,-2.2,104.4,108,-3.6,13.3,1.85,16.7,2.5,14.4,8.3,9,48.8,54.2,18.3,103.82,8.7
Damyean Dotson,0,NYK,26,45,14,31,17.4,6.7,2.5,5.9,42.3,1.2,3.4,35.8,0.5,0.7,68.8,0.2,1.6,1.8,1.2,0.4,0.5,0.1,0.9,11.9,0,0,-1.7,102.8,107.7,-4.9,10.4,2.65,15.1,0.9,8.7,4.7,5.7,52.4,53.7,15.6,101.32,8
Daniel Gafford,0,CHI,21,33,12,21,12.7,4.7,2,3,67,0,0,0,0.6,1.2,52.6,1.2,1.2,2.4,0.4,0.5,0.3,1.3,1.8,12.2,0,0,-1.6,98.1,103.8,-5.7,5.3,0.78,9.3,8.4,9.1,8.8,12,67,66,13.4,102.64,8.5
Daniel Theis,0,BOS,28,48,32,16,22.9,8.3,3.4,6.2,54.7,0.4,1.4,30.8,1.2,1.6,71.8,2.1,4.1,6.2,1.6,0.8,0.7,1.4,3.4,23.5,4,0,3.4,111.4,103.4,8,10.1,1.97,17.3,8.9,17.2,13,8.8,58.1,60.5,14.2,100.23,10
Danilo Gallinari,0,OKC,31,47,26,21,30.7,19.3,6,13.5,44.3,3,7.3,40.7,4.3,4.8,89.9,0.7,5,5.7,2.3,1.3,0.7,0.1,1.3,30.5,3,0,3.3,116.8,112.1,4.6,11.2,1.7,11.9,2.2,16.4,9.5,7,55.3,61.7,24,99.22,13.3
Danny Green,0,LAL,33,52,40,12,25,8.6,3.1,7.3,42.2,1.9,5,37.8,0.6,0.8,72.7,0.7,2.7,3.5,1.3,0.9,1.2,0.5,2.2,19,0,0,4.9,114.2,105.5,8.7,6.6,1.5,13.6,2.9,10.5,6.8,9,55.3,56.6,13.9,102.52,6.8
Dante Exum,0,CLE,24,32,8,24,13.4,4.2,1.5,3.4,45.4,0.3,1.1,30.6,0.8,1.1,72.2,0.3,1.5,1.8,1.2,0.9,0.4,0.2,1.1,9,0,0,-3.4,97.4,107.8,-10.4,13.7,1.34,20.2,2,10.9,6.4,15,50.5,54.5,14.9,100.89,7
Danuel House Jr.,0,HOU,27,48,30,18,31,10.6,3.6,8.6,42.1,2.1,5.6,37.5,1.3,1.6,78.9,1.1,3.4,4.5,1.3,0.9,1.1,0.6,2.1,22.2,2,0,2.4,113,109.1,3.9,5.5,1.45,11.1,3.2,10.3,6.7,7.7,54.4,57,13.3,104.89,6.9
Dario Saric,0,PHX,26,48,20,28,24.8,9.6,3.6,8.1,44.2,1.2,3.9,31.4,1.2,1.4,85.3,1.5,4.5,6,1.9,1.2,0.6,0.3,2.2,21,8,0,-0.9,109.6,111.1,-1.5,10.4,1.53,15.9,5.9,18,11.9,10.4,51.7,54.9,16.6,102.98,9.1
Darius Bazley,0,OKC,20,53,32,21,17.2,4.5,1.7,4.3,38.3,0.6,1.9,30,0.6,0.9,68.1,0.4,3.3,3.7,0.5,0.8,0.4,0.7,0.8,12.1,0,0,-1.2,98.3,101.6,-3.3,4.6,0.73,9,2.2,17.3,10,12.4,44.8,47.5,13.7,101.69,7.7
Darius Garland,0,CLE,20,53,14,39,30.5,12.2,4.6,11.8,39.4,1.8,5.2,35.2,1.1,1.3,87,0.4,1.5,1.9,3.8,2.6,0.7,0,1.6,19.9,1,0,-5.5,104.2,114.1,-9.8,18.3,1.46,20.4,1.4,4.7,3,14,47,49.4,20.4,100.73,5.5
Daryl Macon,0,MIA,24,4,4,0,3.5,0.8,0.3,0.8,33.3,0.3,0.5,50,0,0,0,0,0,0,0.3,0.5,0,0,0.3,0.6,0,0,0,78.6,71,7.6,14.3,0.5,16.7,0,0,0,33.3,50,50,16.7,100.43,-2.8
David Nwaba,0,HOU,27,20,8,12,13.4,5.2,1.9,3.6,52.1,0.6,1.4,42.9,0.9,1.4,66.7,0.4,1.9,2.3,0.4,0.4,0.6,0.6,1.6,11.6,0,0,1.8,102.1,94.9,7.2,4.6,1,8,2.7,10.9,7.1,8,60.6,62.7,13.9,104.69,9.8
Davis Bertans,0,WAS,27,44,16,28,29.3,15,4.8,11.1,43.6,3.5,8.4,42.4,1.8,2,86.7,0.7,3.9,4.6,1.8,1,0.7,0.7,2.5,26.4,1,0,0.5,114.5,113.3,1.2,8.2,1.88,12.3,2.3,12.8,7.5,6.6,59.6,62.5,17.7,105.96,9.5
De'Aaron Fox,0,SAC,22,36,12,24,31.5,19.7,7.1,15.2,46.8,1,3.2,30.4,4.5,6.6,68.1,0.7,3.5,4.2,7,3.3,1.5,0.6,2.9,38,7,0,-2.7,109.4,113.3,-3.9,34.8,2.14,24.6,2.1,11.1,6.5,11.5,50,54.4,28.7,101.69,12.2
De'Andre Hunter,0,ATL,22,53,15,38,31.6,12.2,4.5,10.9,41,1.6,4.8,34.5,1.7,2.2,75.9,0.5,3.4,4,1.8,1.6,0.8,0.3,2.8,21.2,1,0,-4.8,111.8,107.5,4.3,10.4,1.14,10.5,11.9,22.7,17.5,9.2,53.9,56.3,23.3,102.48,14.5
De'Anthony Melton,0,MEM,22,41,21,20,18.4,8,2.9,6.6,43.9,0.5,1.9,27.3,1.7,2,83.1,0.7,3,3.6,3,1.5,1.3,0.3,1.8,20.2,0,0,3.3,111.8,107.5,4.3,10.4,1.14,10.5,11.9,22.7,17.5,9.2,53.9,56.3,23.3,102.48,14.5
DeAndre Jordan,0,BKN,31,45,22,23,21.3,8.1,3.3,5,67,0,0,0,1.4,2,69.6,2.4,7.5,9.9,2,1.4,0.4,1,1.9,25.6,9,0,-1.6,111.8,107.5,4.3,10.4,1.14,10.5,11.9,22.7,17.5,9.2,53.9,56.3,23.3,102.48,14.5
DeAndre' Bembry,0,ATL,25,43,10,33,21.3,5.8,2.4,5.3,45.6,0.3,1.5,23.1,0.6,1.1,54.2,0.8,2.7,3.5,1.9,1.4,1.3,0.4,2,16.6,2,0,-6,111.8,107.5,4.3,10.4,1.14,10.5,11.9,22.7,17.5,9.2,53.9,56.3,23.3,102.48,14.5
DeMar DeRozan,0,SAS,30,52,22,30,34.3,23,8.6,16,53.4,0.2,0.6,27.6,5.7,6.8,84.4,0.6,5,5.7,5.2,2.5,1.1,0.2,2.8,39,4,0,-2.1,110.6,110.2,0.4,22.7,3.65,31.1,4.6,12.2,8.3,8.5,51.8,55.4,14.7,100.85,11.1
DeMarre Carroll,0,HOU,33,15,7,8,9,2.2,0.6,1.9,31,0.2,0.9,23.1,0.8,1.3,60,0.5,1.6,2.1,0.7,0.7,0.1,0.1,1.3,5.9,0,0,1.3,110.6,110.2,0.4,22.7,3.65,31.1,4.6,12.2,8.3,8.5,51.8,55.4,14.7,100.85,11.1
Dean Wade,0,CLE,23,10,1,9,5.4,1.6,0.7,1,70,0.2,0.3,66.7,0,0.1,0,0.2,1.4,1.6,0.1,0.3,0.2,0.3,0.7,4.9,0,0,0,109.4,113.3,-3.9,34.8,2.14,24.6,2.1,11.1,6.5,11.5,50,54.4,28.7,101.69,12.2
Deandre Ayton,0,PHX,21,23,10,13,33.1,18.7,8.4,15.6,53.9,0,0.1,0,2,2.4,80.4,4,8,12,2.2,1.9,0.7,1.6,3.1,41.5,15,0,2.7,111.8,107.5,4.3,10.4,1.14,10.5,11.9,22.7,17.5,9.2,53.9,56.3,23.3,102.48,14.5
Dejounte Murray,0,SAS,23,50,21,29,24.6,10.4,4.2,8.7,48.5,0.6,1.5,37.8,1.4,1.7,79.1,1.2,4.6,5.8,4,1.9,1.6,0.3,2.2,27.1,4,0,-3,108.5,113.1,-4.6,23.2,2.11,26,4.7,18.6,11.6,12.3,51.7,54.8,19.8,100.89,11.5
Delon Wright,0,DAL,28,53,32,21,21.1,7.3,2.7,5.9,46.3,0.6,1.8,36.6,1.2,1.5,77.2,1.1,2.7,3.8,3.4,0.9,1.1,0.3,1.3,20.2,1,0,0.1,110.6,110.2,0.4,22.7,3.65,31.1,4.6,12.2,8.3,8.5,51.8,55.4,14.7,100.85,11.1
Dennis Schroder,0,OKC,26,54,32,22,31.2,19.3,7.2,15.2,47.2,2,5.2,38.7,2.9,3.4,84.4,0.3,3.5,3.8,4,2.6,0.6,0.2,2.2,30,0,0,4.4,108.7,102.4,6.3,21.9,1.56,17.3,1.1,10.2,5.9,11.1,53.8,57.6,26.2,101.68,12.3
Dennis Smith Jr.,0,NYK,22,30,7,23,15.5,5.2,2,5.9,34.1,0.5,1.6,29.2,0.7,1.5,47.8,0.6,1.7,2.3,2.8,1.7,0.6,0.3,1.9,13.2,0,0,-5.1,95.5,111.3,-15.8,29.7,1.65,25.3,3.6,10.5,6.8,15.4,38.1,39.7,21.7,101.53,4.6
Denzel Valentine,0,CHI,26,30,10,20,12.2,5.8,2.2,5.5,40.2,1.2,3.4,35.6,0.2,0.2,100,0.1,1.8,1.9,1.1,0.7,0.7,0.2,1.3,11.6,0,0,-0.5,99.4,102,-2.6,15.5,1.7,15.5,1,14.5,7.3,9.1,51.2,52,21.3,100.95,9.7
Deonte Burton,0,OKC,26,30,18,12,8.5,2.7,1.1,3.1,36.6,0.2,1.3,17.9,0.2,0.4,50,0.2,1.1,1.3,0.3,0.3,0.1,0.3,0.9,5.8,0,0,-1.6,94.9,103.3,-8.3,6.2,1.11,8.6,1.8,11.4,6.9,7.8,40.3,41.2,17.8,104.21,3.8
Derrick Favors,0,NOP,28,36,17,19,23.9,9.5,4.3,6.9,62.3,0,0.1,20,0.9,1.5,60.4,3.2,6.7,9.9,1.8,1.3,0.6,1,2.3,27.5,14,0,1.8,112.9,109.9,3,10.5,1.38,17.3,12.4,26,19.2,12.6,62.6,63.1,14.7,103.58,13.4
Derrick Jones Jr.,0,MIA,23,40,25,15,24.7,8.7,3.1,6.2,49.4,0.7,2.5,28.6,1.9,2.4,77.9,1,3.2,4.2,0.9,0.6,1,0.7,2.2,19.5,0,0,-1.6,107,109.6,-2.6,5.5,1.44,10.3,4,11.9,8.1,7.1,55,59.8,13.6,100.24,8.2
Derrick Rose,0,DET,31,45,16,29,26.2,18.2,7.4,15.1,49,0.9,3,30.6,2.4,2.8,85.9,0.5,1.9,2.5,5.8,2.5,0.8,0.3,1,30.6,4,0,-1,109.9,112,-2.1,37.7,2.34,23.6,2,7.2,4.6,10.1,52.1,55.6,29.8,102.11,14.1
Derrick Walton Jr.,0,DET,25,23,14,9,9.6,2.2,0.7,1.6,47.2,0.4,0.9,42.9,0.3,0.4,77.8,0.1,0.6,0.7,1,0.2,0.2,0,0.8,4.7,0,0,0.2,104.4,102.9,1.5,14.1,5.5,33.3,0.8,5.6,3.2,6.1,59.7,62.6,8.1,104.15,5.6
Derrick White,0,SAS,25,52,23,29,23.8,10.2,3.5,7.6,45.8,0.9,2.6,35.8,2.3,2.7,84.9,0.5,2.6,3.1,3.4,1.2,0.6,0.8,2.1,21.9,0,0,0.3,109.6,109.5,0.1,20.2,2.85,25.6,2.1,9.9,6.1,9,51.9,57.9,17.4,102.89,9.6
Devin Booker,1,PHX,23,52,22,30,35.9,26.4,8.9,17.9,49.6,1.9,5.4,35.8,6.7,7.3,92,0.5,3.7,4.2,6.3,3.9,0.8,0.3,3,40,6,0,1.4,113.5,111.4,2.1,28.3,1.62,20.2,1.4,10.1,5.8,12.5,55,62.5,29.1,102.69,13.9
Devon Hall,0,OKC,24,5,3,2,3.9,1,0.2,1,20,0,0.4,0,0.6,0.8,75,0,0.2,0.2,0.6,0.2,0,0,0.2,1.9,0,0,4,134.9,88.4,46.5,17.6,3,27.3,0,4.3,2.5,9.1,20,37,16.7,104.58,2.7
Devonte' Graham,0,CHA,25,54,18,36,35.2,18.1,5.8,15.3,37.9,3.5,9.4,37.4,3,3.7,81.1,0.8,2.9,3.6,7.8,2.9,0.9,0.3,1.9,34.7,16,0,-2.9,107.2,111.8,-4.5,35.4,2.68,28.2,2,8.2,5,10.6,49.5,53.6,24.1,97.71,11
Dewan Hernandez,0,TOR,23,4,4,0,2.8,1,0.3,1.3,20,0,0.3,0,0.5,0.5,100,0.5,1.3,1.8,0,0.3,0.3,0,1.5,3.6,0,0,0.3,107.7,108,-0.3,0,0,0,20,33.3,28,14.3,20,34,23.3,107.84,0
Dewayne Dedmon,0,ATL,30,37,14,23,16.7,5.6,2.2,5.3,41.1,0.5,2.2,22,0.7,0.8,83.9,1.3,3.8,5.1,0.5,1.4,0.5,1,2.8,15.3,3,0,-0.3,107.6,107.5,0.1,4,0.33,6.1,7.4,22.9,15.1,18.7,45.7,48.9,18.1,99.66,6.2
Dillon Brooks,0,MEM,24,54,28,26,28.3,15.7,5.7,13.8,41.3,2.1,5.3,38.5,2.2,2.7,83.4,1,2.4,3.4,2,1.6,0.9,0.4,3.7,25.2,0,0,-0.6,109.3,109.6,-0.3,10.2,1.24,10.9,3.3,7.9,5.6,8.8,48.7,52.4,24,103.54,6.6
Dion Waiters,0,LAL,28,3,1,2,14,9.3,3.3,8.7,38.5,2.7,5.7,47.1,0,0.3,0,0,3.7,3.7,1,1,0,0.7,1.7,16.2,0,0,4,115.7,102.2,13.5,12.5,1,9.4,0,20.8,11.6,9.4,53.8,53,29.6,101.55,10.7
Domantas Sabonis,1,IND,24,52,30,22,34.6,18.3,7.3,13.5,54.1,0.3,1.1,22.4,3.4,4.7,72.7,3,9.4,12.5,4.8,2.7,0.7,0.5,3.4,41.5,41,4,3.1,110.5,106.5,4,20.8,1.77,20.9,8.9,26.7,17.9,11.8,55,58.7,22.8,98.88,15.5
Donovan Mitchell,1,UTA,23,53,35,18,34.4,24.3,9,19.7,45.7,2.4,6.7,36.3,3.9,4.5,86.1,0.7,3.6,4.3,4.3,2.7,1.1,0.2,2.4,37.2,1,0,3,112.1,107.2,4.8,21.1,1.59,15,2,10.1,6.2,9.4,51.9,56.1,30.4,100.77,12.8
Donte DiVincenzo,0,MIL,23,49,44,5,22.9,9.2,3.5,7.7,45.6,1.3,3.7,34.4,0.9,1.2,77.6,1,3.7,4.7,2.2,1.2,1.5,0.3,1.7,22.3,0,0,7.9,114,97.8,16.2,12.5,1.8,18.8,4.1,13.6,9.2,10.5,53.8,56,16.5,106.78,10.4
Dorian Finney-Smith,0,DAL,27,55,33,22,29.7,9.4,3.3,7.3,46.1,1.6,4.2,38.2,1.1,1.5,72.3,2,3.6,5.6,1.5,1,0.7,0.5,2.3,21.1,3,0,3.9,117,110.2,6.7,6.8,1.51,14.4,6.7,11.2,9,9.6,57.3,59.4,12.8,99.37,7.1
Doug McDermott,0,IND,28,55,32,23,20.6,10.4,3.9,8.1,48.5,1.9,4.4,44.2,0.7,0.8,80,0.4,2.2,2.6,1.1,0.6,0.1,0.1,1.7,15.1,0,0,2.4,110,105,5,7.4,1.82,10.9,1.9,9.6,5.9,6,60.5,61.8,18.3,101.43,8.9
Dragan Bender,0,GSW,22,7,7,0,13,3.7,1.4,3,47.6,0.6,1.3,44.4,0.3,0.4,66.7,0,2.9,2.9,1.3,0.7,0,0.7,2.3,10.5,0,0,6.3,116.3,94.6,21.7,11.4,1.8,25,0,17.2,10.7,13.9,57.1,58.2,12.6,107.4,6.4
Draymond Green,0,GSW,30,41,10,31,29.1,8.3,2.9,7.5,38.8,0.9,3,28.8,1.5,2,75.9,0.6,5.8,6.4,6.2,2.3,1.4,0.8,2.6,29.6,8,2,-4.6,103,110.3,-7.3,30.6,2.71,36.7,1.8,19.3,10.4,13.5,44.7,49.1,15.6,102.92,10.1
Drew Eubanks,0,SAS,23,8,5,3,5.2,2.9,1.3,1.9,66.7,0,0,0,0.4,0.4,100,0.8,1.4,2.1,0.3,0.6,0,0.1,0.6,5.6,0,0,-4.9,84.4,131.9,-47.5,11.1,0.4,8.7,12.8,32.4,21,21.7,66.7,70.5,19.4,107.24,12.8
Duncan Robinson,0,MIA,26,54,35,19,29.1,12.6,4.2,9.1,45.7,3.5,8.1,43.8,0.7,0.8,88.9,0.1,3.1,3.2,1.4,0.8,0.5,0.2,2.9,20.1,1,0,3.9,113.2,106.6,6.6,6.8,1.79,12,0.5,10.3,5.6,6.7,65.1,66.5,15.2,99.12,7.6
Dwayne Bacon,0,CHA,24,39,10,29,17.6,5.7,2.2,6.3,34.8,0.5,1.7,28.4,0.9,1.4,66,0.4,2.2,2.6,1.3,0.9,0.6,0.1,1.3,11.8,0,0,-3.4,100.9,109.1,-8.2,12.1,1.41,14.6,2,12.4,6.9,10.4,38.7,41.9,18.9,99.14,4.9
Dwight Howard,0,LAL,34,53,41,12,19.8,7.8,3.2,4.3,73.8,0.1,0.1,60,1.4,2.9,46.8,2.7,5.2,7.8,0.7,1.2,0.4,1.3,3.2,22.1,8,0,3.3,113.9,105.8,8,4.6,0.54,8.8,13.1,25.7,19.3,16.4,74.5,69.5,14.5,98.88,11.7
Dwight Powell,0,DAL,28,40,25,15,26.5,9.4,3.7,5.7,63.8,0.3,1,25.6,1.9,2.8,66.7,1.9,3.8,5.7,1.5,0.9,0.9,0.6,2.6,21.7,1,0,4.9,116.3,107.4,8.9,7.6,1.64,15.8,7.1,13.2,10.2,9.7,65.9,67.7,12.6,99.41,9.4
Dzanan Musa,0,BKN,21,35,17,18,11.5,4.2,1.4,4,36,0.4,1.9,23.1,0.9,1.3,75,0.5,1.5,2,0.9,0.8,0.4,0,0.7,8.4,0,0,-1.2,100.1,105.5,-5.3,11.6,1.07,14.1,4.2,11.2,7.7,13.2,41.4,46.7,18.7,104.85,6.6
E'Twaun Moore,0,NOP,31,42,21,21,20,9.5,3.8,8.9,42.8,1.3,3.5,37.4,0.6,0.9,64.1,0.6,2,2.6,1.5,0.7,0.5,0.2,1.5,16.4,0,0,0.3,111.9,103.2,8.7,7.4,1.55,11.6,6.4,20.8,13.9,7.5,55,59.1,17.1,107.49,11.3
Ed Davis,0,UTA,31,25,15,10,10.7,1.3,0.6,1.4,41.2,0,0,0,0.2,0.4,45.5,1.2,2.6,3.8,0.3,0.5,0.4,0.4,2.2,8.1,0,0,-3.5,94.4,108.2,-13.8,4.5,0.62,13.3,10.2,24,17,21.7,41.2,42.5,8.4,100.04,4.8
Edmond Sumner,0,IND,24,20,8,12,13.4,4.3,1.8,4,43.8,0.4,1.3,30.8,0.4,0.7,61.5,0.4,1.1,1.5,1.4,0.8,0.7,0.3,1.4,10.2,0,0,-1,106,109.2,-3.2,14,1.87,21.7,3,7.3,5.3,11.6,48.8,50.2,16.3,101.26,5.5
Elfrid Payton,0,NYK,26,36,13,23,27.4,9.7,4.3,9.9,43,0.4,1.6,23.7,0.8,1.6,53.6,1.2,3.5,4.7,6.9,2,1.7,0.4,2.1,30.1,4,1,-2.4,107.9,111.7,-3.8,34,3.43,35.3,3.9,12.6,8,10.3,44.9,46,18.7,100.64,11.1
Elie Okobo,0,PHX,22,45,19,26,13.5,4.2,1.4,3.5,40.1,0.5,1.4,35.9,0.9,1.4,67.2,0.3,1.3,1.6,2.2,0.6,0.5,0.1,1,10.5,0,0,-0.2,108.2,107.9,0.2,22.2,3.38,31.4,2.2,9.7,5.9,9.3,47.5,51.7,14.8,101.14,7.9
Emmanuel Mudiay,0,UTA,24,45,31,14,16.1,7.3,2.8,6.1,46.7,0.6,1.6,36.1,1,1.4,72.6,0.4,2.1,2.4,2.3,1.4,0.4,0.2,1.3,14.1,0,0,0.6,106.6,104.5,2.1,21.7,1.68,22.2,2.2,11.5,7.1,13.2,51.5,54.3,21.1,102.76,9.7
Enes Kanter,0,BOS,28,42,27,15,18.6,9.2,3.9,6.7,58.6,0,0.2,14.3,1.3,1.9,70,2.9,5.3,8.2,1,1.1,0.4,0.8,1.9,23.2,8,0,4.2,112.9,102.6,10.3,8.2,0.96,10.7,15,26.6,20.9,11.2,58.8,61.1,18.9,100.28,16
Eric Bledsoe,0,MIL,30,46,40,6,27.1,15.7,5.8,12,48,1.2,3.6,33.9,2.9,3.5,82.8,0.8,4,4.8,5.3,2.4,0.9,0.5,2.2,31.3,1,0,8.4,113.6,99.8,13.8,27.2,2.24,25.2,2.7,12.3,7.8,11.3,53.1,57.8,23.8,108.02,13
Eric Gordon,0,HOU,31,28,17,11,29.4,15.3,5,13.4,37.4,2.9,8.8,33.2,2.3,3.2,73,0.3,1.8,2,1.5,1,0.6,0.4,2,21.8,0,0,0.2,111.5,110.8,0.7,7.4,1.46,8.6,0.8,5.4,3,5.9,48.4,51.7,21,107.64,5.8
Eric Mika,0,SAC,25,1,0,1,19,6,2,3,66.7,0,0,0,2,2,100,2,5,7,0,0,0,0,5,14.4,0,0,8,122,102.4,19.5,0,0,0,11.1,26.3,18.9,0,66.7,77.3,8.9,103.35,7.7
Eric Paschall,0,GSW,23,50,11,39,26.7,13.2,5.1,10.5,48.2,0.6,2.1,28.2,2.5,3.3,77.4,1.4,3.3,4.7,1.7,1.5,0.6,0.2,2.1,22.3,4,0,-6.2,102.8,114,-11.2,10.6,1.12,11.3,4.8,12.2,8.4,10.1,51,55.4,20.8,101.94,9.1
Ersan Ilyasova,0,MIL,33,50,42,8,16.2,7.4,2.7,5.6,47.2,0.9,2.4,37.3,1.2,1.5,83.6,1.1,3.9,5,0.9,0.6,0.4,0.3,1.6,16.3,4,0,2.8,111.9,103.2,8.7,7.4,1.55,11.6,6.4,20.8,13.9,7.5,55,59.1,17.1,107.49,11.3
Evan Fournier,0,ORL,27,54,23,31,31.7,18.7,6.6,14.2,46.2,2.7,6.5,40.8,2.9,3.4,82.8,0.2,2.4,2.7,3.2,2,1.1,0.2,2.5,28.4,0,0,-1.5,106.4,108.7,-2.3,16.3,1.55,15.2,0.7,7.7,4.1,9.8,55.5,59.2,24,99.44,9.8
Evan Turner,0,MIN,31,19,3,16,13.2,3.3,1.3,3.5,37.3,0,0.3,0,0.6,0.7,85.7,0.4,1.6,2,2,1.4,0.5,0.4,1.1,10,0,0,-3.4,92.2,103.6,-11.4,23.5,1.46,27.9,2.8,10.7,6.7,19.1,37.3,42.4,15.4,107.37,6.2
Frank Jackson,0,NOP,22,44,20,24,13.2,5.9,2.1,5.1,40.6,0.8,2.4,31.7,1,1.3,77.2,0.3,0.9,1.3,0.8,0.9,0.3,0.1,1.4,9.1,0,0,-1.5,110.1,115.8,-5.7,8.8,0.95,11.4,2.4,6.5,4.4,12,48,52,19.6,107.64,4.6
Frank Kaminsky,0,PHX,27,32,12,20,22.4,11,4,8.7,45.5,1.2,3.5,34.8,1.8,2.8,67,0.9,4,4.9,2.2,1,0.4,0.3,2.2,21.4,1,0,-1,106.6,108.9,-2.3,15.1,2.15,16.9,3.9,17.7,10.6,7.8,52.5,55.4,20.2,104.38,10.2
Frank Mason,0,MIL,26,4,4,0,4.4,1.3,0.3,1.8,14.3,0.3,1,25,0.5,1,50,0.3,0.3,0.5,1.3,0.3,0.3,0,0.5,4.2,0,0,4.3,123.1,79.5,43.6,27.8,5,33.3,4.5,4.3,4.4,6.7,21.4,28.5,22.2,105.65,2
Frank Ntilikina,0,NYK,21,49,15,34,20.6,5.8,2.1,5.6,38.2,0.7,2.3,30.4,0.8,0.9,86.4,0.4,1.8,2.2,3,1.3,0.9,0.3,2.5,15.3,0,0,-1.6,104.6,107.8,-3.3,20.6,2.3,29.2,1.9,8.7,5.2,12.7,44.4,47.9,14.9,99.46,5.9
Fred VanVleet,0,TOR,26,45,33,12,36,18,6.1,14.7,41.2,2.8,7,39.6,3.1,3.7,84.2,0.4,3.3,3.7,6.8,2.3,1.9,0.3,2.3,36.9,6,0,3.5,110.2,105.8,4.4,28.1,2.94,26.7,1.1,8.6,4.9,9.1,50.6,55.1,22.2,100.57,11.5
Furkan Korkmaz,0,PHI,22,54,33,21,21.3,9.6,3.5,7.9,43.7,1.9,5,39.2,0.7,1,71.2,0.3,2,2.3,1,0.7,0.5,0.2,1.4,15.3,0,0,1.8,107.2,103.2,4,6.6,1.33,9.6,1.2,8.8,5,7.2,56,57.2,17.6,102.35,7.8
Gabe Vincent,0,MIA,24,4,2,2,10.2,3,1,4.8,21.1,1,4,25,0,0,0,0,0.8,0.8,0.8,0,0.3,0,0.5,5.8,0,0,-0.8,91.9,96.5,-4.6,12.5,0,13.6,0,7,3.4,0,31.6,31.6,19.6,100.74,1.6
Garrett Temple,0,BKN,34,48,24,24,28.2,10.2,3.6,9.5,37.5,2,6.3,32.6,1,1.4,75.4,0.5,2.8,3.3,2.5,1.1,0.8,0.4,1.8,20.5,0,0,-1.1,103.5,105.5,-2,13,2.27,18.1,1.7,8.6,5.2,8,48.2,50.5,16.1,102.98,7.2
Garrison Mathews,0,WAS,23,16,7,9,12.6,5.8,1.4,3.1,46,1.1,2.6,42.9,1.8,2,90.6,0.4,1.1,1.4,0.6,0.4,0.2,0.1,1.6,8.8,0,0,2.9,114.4,103.9,10.5,6.8,1.43,12.8,2.9,7.6,5.3,9,64,72.6,13.7,103.84,8.8
Gary Clark,0,ORL,25,30,17,13,12.3,3.6,1.2,3.1,38.7,0.9,2.7,33.8,0.3,0.3,88.9,0.8,1.7,2.5,0.4,0.1,0.1,0.4,0.9,8.8,0,0,0,106,106.2,-0.3,5,3.25,11.4,6,12.3,9.1,3.5,53.2,55.2,11,104.33,7.1
Gary Harris,0,DEN,25,46,32,14,32.1,10.2,3.8,9.6,40,1.2,4,29.9,1.4,1.7,82.9,0.5,2.4,2.9,2.2,1,1.3,0.2,2.1,20.6,0,0,2.7,110.6,106.3,4.3,9.3,2.08,16.1,1.4,7.6,4.5,7.7,46.3,49.6,15.2,97.7,5.8
Gary Payton II,0,WAS,27,23,11,12,17.7,4.5,1.9,4.7,41.1,0.5,1.7,30,0.2,0.3,50,1.1,2.1,3.2,2,0.8,1.4,0.3,2.1,15.5,1,0,-6.2,101,116.7,-15.7,15.6,2.37,25.9,5.4,11.9,8.4,10.9,46.7,47.1,12.7,102.86,6.9
Gary Trent Jr.,0,POR,21,43,19,24,17.8,6.8,2.5,5.7,42.9,1.5,3.6,40.4,0.4,0.5,90.5,0.4,1.1,1.5,0.9,0.3,0.7,0.2,1.3,12.4,0,0,-1.3,110.7,113.3,-2.7,7,3.17,12.4,2.1,5.6,3.9,3.9,55.7,57.4,14.5,102.02,6.9
George Hill,0,MIL,34,44,38,6,21.1,9.7,3.5,6.4,54.1,1.5,3,51.1,1.3,1.5,82.1,0.9,2.1,3,3,1,0.7,0.1,1.4,19.4,0,0,5,112.5,101.6,10.9,19.8,3.14,27.3,4.1,8.6,6.4,8.7,65.9,68.5,15.4,105.1,12.2
Georges Niang,0,UTA,27,48,33,15,13.6,5.9,2.1,4.5,45.9,1.3,3.1,41.6,0.4,0.5,86.4,0.2,1.6,1.8,0.7,0.5,0.3,0.1,1.2,9.7,0,0,-1.5,103.3,106.6,-3.3,7.4,1.45,11.3,1.6,11,6.3,7.8,60.1,61.7,16,102.42,8.7
Giannis Antetokounmpo,0,MIL,25,48,41,7,30.9,30,11,20.1,54.9,1.5,4.9,31.3,6.4,10.4,61.4,2.5,11,13.5,5.8,3.7,1.1,1.1,3.1,57.6,43,4,10.3,112.5,97.9,14.7,33.5,1.59,17.2,7.4,29.2,18.9,10.8,58.7,60.8,36.6,107.61,23.4
Glenn Robinson III,0,PHI,26,50,12,38,30.8,12.7,5,10.4,48.6,1.4,3.4,39.5,1.3,1.5,85.1,1.3,3.2,4.6,1.7,1,0.9,0.3,1.7,23.3,1,0,-5.6,104.6,113.1,-8.5,8.6,1.69,12.5,4.1,10.2,7.1,7.4,55.1,57.6,16.3,101.7,8.5
Goga Bitadze,0,IND,20,42,24,18,8.6,3,1.2,2.6,48.1,0.1,0.6,16,0.5,0.7,69,0.5,1.5,2.1,0.5,0.5,0.1,0.6,1.2,7.9,1,0,-0.5,101.7,105.2,-3.6,7.3,0.9,11.7,6.1,15.5,11.2,13,50,53,16.5,104.15,7.3
Goran Dragic,0,MIA,34,43,28,15,28.3,16.1,5.5,12.2,44.7,2.2,5.8,38.4,2.9,3.9,74.9,0.4,2.5,3,5,2.5,0.6,0.2,1.9,27,2,0,2.1,112.2,109.5,2.7,29.2,1.99,23.4,1.6,8.4,5.1,11.8,53.8,57.6,24.7,100.26,11.1
Gordon Hayward,0,BOS,30,37,25,12,33.2,17.3,6.7,13.4,50.4,1.6,4.1,39.2,2.2,2.5,88,1.1,5.6,6.7,4.1,1.7,0.7,0.5,1.8,33.3,7,0,6.1,113.1,105,8.1,18,2.36,20.2,3.3,16.2,9.8,8.6,56.5,59.8,20.4,101.83,13.6
Gorgui Dieng,0,MEM,30,47,14,33,16.8,7.4,2.7,6,44.9,1,2.6,38.2,1,1.3,79.7,1.6,3.9,5.5,1.3,1,0.8,0.9,1.9,20.2,6,0,-1.9,98,102.4,-4.3,12.8,1.33,14.5,8.3,22.2,15,10.8,53.2,56.3,18.6,102.57,13.7
Grant Williams,0,BOS,21,52,38,14,15.6,3.8,1.4,3.2,43,0.4,1.3,28.6,0.7,0.9,71.4,1,1.7,2.7,1.1,0.8,0.4,0.6,2.4,10.7,0,0,2.8,110.4,101.7,8.8,8.9,1.28,19.4,6,10.1,8,15.1,49.1,52.8,11.7,102.49,4.1
Grayson Allen,0,MEM,24,30,14,16,16.6,7.4,2.6,5.9,44.9,1.1,3,36.3,1,1.2,85.7,0.2,2,2.2,1.4,0.8,0.2,0,1.2,12.1,0,0,-2.4,105.2,111.6,-6.5,11.9,1.87,16.8,0.9,11.8,6.3,9,54.3,57.7,17.3,105.99,8.2
Hamidou Diallo,0,OKC,21,32,17,15,18.9,6.4,2.7,6,45.1,0.2,0.9,17.2,0.8,1.2,66.7,0.8,2.6,3.4,0.6,1,0.8,0.2,2.1,13.3,2,0,-0.2,103.4,103,0.4,4.5,0.58,7.3,4,12.6,8.4,12.6,46.4,48.8,16.7,102.68,5.7
Harrison Barnes,0,SAC,28,54,21,33,34.6,14.5,5,11.1,45.2,1.3,3.6,36.2,3.1,3.9,80.2,1,3.9,4.9,2.2,1.2,0.6,0.1,1.2,24.6,3,0,-1.2,107.9,109.6,-1.7,9.3,1.85,13.7,2.7,11.1,6.9,7.4,51.1,56.5,17.3,100.31,9
Harry Giles III,0,SAC,22,28,12,16,12.5,5.6,2.5,4.6,54.7,0,0,0,0.6,0.8,81,0.9,2.6,3.5,1.2,0.9,0.5,0.3,2.3,13.1,0,0,-2.2,104.1,110.4,-6.3,14.6,1.32,16.8,6.8,23,14.4,12.8,54.7,57.2,20.1,102.21,10.2
Hassan Whiteside,0,POR,31,51,25,26,30.8,15.7,6.5,10.6,61.3,0,0.1,50,2.7,3.8,71,4,10.1,14.1,1.2,1.9,0.4,3,3,42.8,41,0,1.2,114,112.3,1.7,5.7,0.61,7.7,12.3,29.5,21.1,12.5,61.4,64,19.2,101.07,16
Henry Ellenson,0,BKN,23,5,2,3,3,0.4,0.2,1.4,14.3,0,0.8,0,0,0,0,0.4,0.8,1.2,0.2,0,0,0,0.2,2.1,0,0,2.4,81.6,54.3,27.3,12.5,0,12.5,11.1,19,15.4,0,14.3,14.3,15.9,115.9,4.1
Ian Mahinmi,0,WAS,33,33,14,19,22,7.9,2.9,5.8,50.3,0.2,0.7,20.8,1.9,3.1,63.4,2.2,3.9,6.1,1.3,1.3,0.7,1.3,3,22,1,0,-1.5,110.1,113.1,-3,8.4,1.02,13.7,9.2,17.5,13.2,13.4,51.6,55.4,15.8,101.99,8.1
Ignas Brazdeikis,0,NYK,21,9,1,8,5.9,1.9,0.7,2.4,27.3,0.1,1,11.1,0.4,0.6,80,0.2,0.3,0.6,0.4,0.2,0,0.1,0.3,3.3,0,0,-1.3,109.7,116.8,-7.1,11.4,2,13.3,3.6,6.8,5.1,6.7,29.5,35.1,21.8,94.65,1.8
Iman Shumpert,0,BKN,30,13,9,4,18.5,4.2,1.6,4.9,32.8,0.6,2.5,24.2,0.3,0.5,57.1,0.7,1.9,2.6,0.9,0.8,0.9,0.2,1.6,11.1,0,0,-4,97.2,106.2,-9,7.8,1.2,13.5,3.5,9.2,6.4,11.2,39.1,40.3,13.4,99.83,3.9
Isaac Bonga,0,WAS,20,48,18,30,17.7,4.8,1.8,3.3,53.5,0.4,0.9,41.9,0.9,1.2,78.9,1.1,2.2,3.3,1.1,0.7,0.7,0.4,2.4,12.9,0,0,0.3,109.8,108.1,1.8,8,1.61,19.9,5.6,12.3,8.9,12.4,59.2,63.4,10.2,103.9,6.6
Isaiah Hartenstein,0,HOU,22,23,16,7,11.6,4.7,1.9,2.9,65.7,0,0.2,0,0.8,1.2,67.9,1.3,2.7,3.9,0.8,0.7,0.4,0.5,1.8,12.6,2,0,1.7,113.3,104.6,8.7,9.5,1.13,16.1,10.7,20,15.6,14.3,65.7,67.4,14.4,105.37,11.8
Isaiah Roby,0,OKC,22,1,1,0,1.5,0,0,1,0,0,0,0,0,0,0,0,0,0,0,0,0,0,0,0,0,0,-6,0,150,-150,0,0,0,0,0,0,0,0,0,25,126.59,-18.2
Isaiah Thomas,0,WAS,31,40,14,26,23.1,12.2,4.4,10.7,40.8,2,4.7,41.3,1.6,1.9,81.6,0.3,1.4,1.7,3.7,1.9,0.3,0.2,1.9,19.2,1,0,-5,109.8,120.2,-10.4,22.4,1.9,21.3,1.1,6.3,3.6,11.3,50,53.1,23.6,105.14,7
Ish Smith,0,WAS,31,53,20,33,26.4,10.8,4.5,9.9,45.8,0.9,2.5,35.6,0.8,1.2,67.2,0.5,2.7,3.2,4.7,1.3,0.8,0.4,1.4,24.1,0,0,-1.4,111.1,113.9,-2.8,25.1,3.68,28.7,1.7,9.9,5.6,7.8,50.4,51.7,18,103.92,9.9
Ivica Zubac,0,LAC,23,55,37,18,17.8,8,3.2,5.3,60.2,0,0,0,1.6,2.2,73.3,2.5,4.5,7,1.1,0.9,0.2,1,2.4,20.8,6,0,2,111.2,105.3,5.9,8.7,1.23,12.8,13.2,22.9,18.1,10.4,60.2,63.7,16.5,101.91,13.5
J.J. Barea,0,DAL,36,17,8,9,15.5,9,3.4,7.5,45.3,1.4,2.9,46,0.8,0.8,100,0.5,1.5,2,3.7,1.2,0.2,0.1,0.7,16.4,0,0,1.8,117.8,111.9,6,35.4,3,28.9,3.1,10.5,6.7,9.6,54.3,57,26,98.39,13
J.P. Macura,0,CLE,25,1,1,0,0.6,0,0,0,0,0,0,0,0,0,0,0,0,0,0,0,0,0,0,0,0,0,3,150,0,150,0,0,0,0,0,0,0,0,0,0,115.51,0
JJ Redick,0,NOP,36,50,21,29,27.2,15.7,4.9,10.7,45.4,3,6.6,45.8,2.9,3.2,90,0.2,2.5,2.6,2,1.2,0.4,0.2,1.6,22.3,0,0,-0.2,112.9,107.3,5.6,28.6,2.68,23.6,5.6,14,9.9,8.8,47.9,58.7,25.2,97.46,16.2
Ja Morant,0,MEM,20,48,27,21,29.9,17.6,6.7,13.6,49.3,0.8,2.2,35.8,3.5,4.4,78.3,0.7,2.9,3.5,7.1,3.2,1,0.3,1.6,33.1,9,1,0.4,150,0,150,0,0,0,0,0,0,0,0,0,0,115.51,0
JaKarr Sampson,0,IND,27,18,10,8,13.8,4.2,1.9,3.3,59.3,0.1,0.6,18.2,0.2,0.6,40,0.6,1.8,2.4,0.2,0.3,0.3,0.4,1.7,9.4,0,0,0,109,108.8,0.2,2,0.67,5.5,4.8,13.4,9.2,8.2,61,59.9,12.1,99.22,6
JaMychal Green,0,LAC,30,46,31,15,20.7,6.4,2.2,5.6,39.8,1.3,3.7,35.5,0.6,0.9,72.5,1.4,5,6.4,0.7,0.9,0.5,0.4,2.6,16.8,6,0,2.3,113.6,109.4,4.1,13.3,1.42,19.3,3.3,14.6,9,13.6,54.6,55.2,16.5,102.39,7
JaVale McGee,0,LAL,32,51,40,11,16.8,7.1,3.1,4.8,64.4,0.1,0.1,50,0.8,1.3,64.2,1.9,3.9,5.8,0.6,0.8,0.5,1.6,2.4,20.6,2,0,3.3,105.8,108,-2.2,10.7,1.34,13.6,4.1,9,6.4,10.1,44.2,44.9,18.9,104.67,5.1
Jabari Parker,0,SAC,25,32,6,26,26.2,15,6.2,12.3,50.4,1,3.6,27,1.7,2.3,73.6,1.7,4.3,6,1.8,1.9,1.3,0.5,2.9,28.4,2,0,-4.2,150,0,150,0,0,0,0,0,0,0,0,0,0,115.51,0
Jacob Evans,0,MIN,23,28,8,20,14.8,4.6,1.6,4.8,33.8,0.5,1.4,34.2,0.9,1,86.2,0.3,1.1,1.5,1.1,0.9,0.4,0.4,1.5,9.6,0,0,-4,150,0,150,0,0,0,0,0,0,0,0,0,0,115.51,0
Jae Crowder,0,MIA,29,48,21,27,29.4,10.4,3.4,8.9,38.3,1.9,6,31.5,1.7,2.2,79.8,0.9,5.3,6.2,2.7,1.2,1.1,0.3,1.9,25,6,0,-2.2,150,0,150,0,0,0,0,0,0,0,0,0,0,115.51,0
Jahlil Okafor,0,NOP,24,27,9,18,15.5,7.9,3.3,5.3,61.1,0,0.1,50,1.4,2.1,63.8,1.7,2.6,4.3,1.3,1.3,0.3,0.7,2.3,16.7,2,0,-3.8,150,0,150,0,0,0,0,0,0,0,0,0,0,115.51,0
Jake Layman,0,MIN,26,14,8,6,26.4,10.5,4.4,9.4,46.2,1.4,3.9,35.2,0.4,0.7,60,0.9,2.1,2.9,0.8,1.3,0.9,0.7,2.2,18.6,0,0,1.1,104.3,102.6,1.7,4.3,0.61,6.7,2.9,7.3,5,11,53.4,53.9,15.9,109.49,6.1
Jakob Poeltl,0,SAS,24,54,23,31,17.1,5.4,2.4,3.8,62.6,0,0,0,0.6,1.3,50,1.8,3.6,5.5,1.8,0.8,0.5,1.5,1.7,19.7,2,0,1.1,112.9,108.9,3.9,13.4,2.2,25.9,10.2,19.9,15.1,11.8,62.6,61.9,12.4,103.76,11.2
Jalen Brunson,0,DAL,23,55,33,22,18.2,8.4,3.2,6.9,46.6,0.8,2.2,36.1,1.1,1.3,82.4,0.4,2,2.4,3.3,1.2,0.4,0.1,1.3,16.4,2,0,2.9,112.8,105.6,7.2,26.4,2.82,27.7,2.1,10.2,6.2,9.8,52.2,55.5,19.9,100.79,10.8
Jalen Lecque,0,PHX,20,4,1,3,6.6,2.5,1,2.5,40,0,1,0,0.5,0.5,100,0,0,0,0.5,0.3,0,0,0.5,3,0,0,-5.5,90.9,120,-29.1,13.3,2,14.3,0,0,0,7.1,40,46,21.4,104.8,2.8
Jalen McDaniels,0,CHA,22,5,2,3,12.9,5.4,2,3.2,62.5,0.8,1.4,57.1,0.6,0.6,100,0.4,2,2.4,0.2,0,0.6,0,1,10.4,0,0,-0.6,109.8,111.2,-1.4,2.2,0,5.6,2.9,14.5,8.6,0,75,77.9,11,99.25,11.8
Jamal Murray,0,DEN,23,45,32,13,32.3,18.9,7,15.5,45.4,1.8,5.3,34.5,3,3.4,89.4,0.8,3.2,3.9,4.8,2.2,1.2,0.3,1.8,33.1,2,0,4.8,112.9,106.2,6.6,22.8,2.16,20.1,2.3,9.9,6.1,9.3,51.3,55.7,25.3,97.14,12.3
James Ennis III,0,ORL,29,51,33,18,15.8,5.8,2,4.6,44.3,0.7,2.1,34.9,1,1.3,77.6,1,2.1,3.1,0.8,0.6,0.5,0.3,1.7,12.3,0,0,0.4,109.5,108.8,0.7,7.1,1.27,12.4,6.2,12.9,9.5,9.7,52.3,56.3,15.1,102,7.2
James Harden,1,HOU,30,51,33,18,37.1,35.3,10.1,23.2,43.7,4.6,12.8,35.8,10.4,12,86.9,1.1,5.5,6.5,7.3,4.5,1.6,1,3.4,57.4,17,3,4.3,114,108.2,5.8,35.2,1.63,18.5,2.7,13.4,8.1,11.3,53.6,62,35.9,103.07,18.6
James Johnson,0,MIN,33,21,11,10,17.2,6.2,2.3,5.2,45,1,2.6,38.2,0.5,1,55,0.6,2.6,3.2,1.6,1.1,0.6,0.8,2.1,15.4,0,0,1.1,113.6,109.4,4.1,13.3,1.42,19.3,3.3,14.6,9,13.6,54.6,55.2,16.5,102.39,7
Jared Dudley,0,LAL,34,36,26,10,8.3,1.6,0.6,1.3,41.7,0.4,0.9,48.5,0.1,0.1,100,0.1,1,1.1,0.5,0.2,0.3,0.1,1,4.7,0,0,0.1,100.2,98.7,1.5,8.6,3,24.7,1.7,10.7,6.5,8.2,58.3,59.3,8.1,98.87,5.6
Jared Harper,0,NYK,22,3,1,2,2.6,0.7,0.3,1.3,25,0,0.7,0,0,0,0,0,0,0,0,0,0,0,0,0.7,0,0,-3.7,83.3,144.4,-61.1,0,0,0,0,0,0,0,25,25,22.2,109.6,-2.6
Jaren Jackson Jr.,0,MEM,20,52,28,24,28.1,17.1,6.2,13.2,46.8,2.5,6.3,39.7,2.3,3,74.7,1,3.8,4.8,1.4,1.7,0.7,1.7,4.1,30.3,3,0,-1.7,108.6,111,-2.5,7.5,0.81,7.9,3.4,12.4,8,9.8,56.3,59,23.9,104.13,8.9
Jarred Vanderbilt,0,MIN,21,11,6,5,4.2,1.1,0.5,0.7,62.5,0,0.1,0,0.2,0.2,100,0.3,0.5,0.8,0.2,0.6,0.3,0.1,0.5,2.8,0,0,-2.5,90.5,113.9,-23.4,5.7,0.29,11.1,6.5,14.3,10.2,38.9,62.5,67.6,13.3,109.85,4.9
Jarrell Brantley,0,UTA,24,3,0,3,3.7,0,0,0,0,0,0,0,0,0,0,0,1.7,1.7,0.3,0.3,0,0.7,0.3,4.2,0,0,1.7,100,73.1,26.9,11.1,1,50,0,35.7,20,50,0,0,3.7,107.62,12.3
Jarrett Allen,0,BKN,22,53,25,28,26.6,11.1,4.3,6.7,64.1,0,0.1,0,2.4,3.8,63.1,3.1,6.6,9.7,1.4,1.1,0.6,1.5,2.4,29.9,23,0,1.4,110.7,108.5,2.2,7.6,1.25,12.8,10.8,22.6,16.7,10.2,64.1,65.6,14.8,101.82,13.8
Jarrett Culver,0,MIN,21,52,16,36,24.4,9.1,3.6,9.3,38.8,1,3.6,27.7,0.9,1.9,46.5,1.1,2.3,3.4,1.8,1.3,1,0.7,2,19.5,0,0,-1,105.8,108,-2.2,10.7,1.34,13.6,4.1,9,6.4,10.1,44.2,44.9,18.9,104.67,5.1
Javonte Green,0,BOS,26,41,29,12,9.1,3,1.2,2.3,51.1,0.1,0.6,26.1,0.6,0.9,63.9,0.4,1.3,1.7,0.5,0.4,0.5,0.1,0.9,7.4,0,0,0.2,107.7,106.4,1.3,7.6,1.31,14.2,4.4,13,8.9,10.8,54.3,56.9,14,103.94,8.1
Jaxson Hayes,0,NOP,20,52,23,29,17.8,7.9,2.9,4.4,66.4,0,0.1,25,2.1,3.3,62.6,1.6,2.7,4.3,1,0.8,0.4,1,2.7,17.9,3,0,-0.5,108.5,109.1,-0.6,7.7,1.25,12.7,8.3,13.9,11.1,10.2,66.6,67.7,14.8,107.89,9.6
Jaylen Brown,0,BOS,23,44,30,14,33.6,20.2,7.5,15,49.5,2.1,5.4,38.1,3.2,4.3,74.3,1.1,5.3,6.4,2.2,2.4,1.1,0.3,3,32.9,6,0,3.8,112.9,106.3,6.5,10.2,0.92,10.2,3.1,15.2,9.2,11.2,56.4,59.6,24.4,99.7,11.6
Jaylen Hoard,0,POR,21,13,7,6,7.9,2.9,1.2,2.5,46.9,0,0.2,0,0.6,1,61.5,1.1,1.4,2.5,0.3,0.3,0.4,0,0.9,7.2,0,0,0.8,112.1,109.1,3,5.4,1,8.9,11.1,15.8,13.3,8.9,46.9,50.4,15.3,103.22,8.8
Jaylen Nowell,0,MIN,20,9,2,7,11.3,4.4,1.6,4.3,35.9,0.3,2.2,15,1,1.1,90,0.2,0.8,1,1.2,0.3,0,0.1,0.7,7.5,0,0,-0.6,93.1,98.2,-5.1,17.2,3.67,19.3,1.6,6.2,3.7,5.3,39.7,46.1,17.8,107.21,7.3
Jayson Tatum,1,BOS,22,50,36,14,34.1,22.4,8.1,18.3,44.3,2.6,6.9,38.2,3.6,4.4,81.3,1,5.9,6.9,2.9,2.2,1.4,0.9,2.1,39.7,7,0,8,113.9,102.8,11.2,13.6,1.34,11.5,2.8,16.4,9.6,8.6,51.5,55.4,27.4,100.89,13.7
Jeff Green,0,HOU,33,30,18,12,18.4,7.8,2.5,6.5,38.5,1.1,3.5,32.7,1.6,2.1,77.8,0.5,2.2,2.7,0.7,0.9,0.4,0.3,1.5,13.3,0,0,-3.6,100,108.4,-8.4,5.8,0.74,7.4,2.4,11.2,6.9,9.9,47.2,52.3,19.4,101.68,6.8
Jeff Teague,0,ATL,32,48,17,31,26.1,11.3,3.7,8.6,43.2,0.8,2.1,37,3.1,3.6,87.1,0.4,2.1,2.5,5.7,2.1,0.8,0.3,1.9,24.3,3,0,-2.9,107,112.6,-5.5,32.2,2.75,31.9,1.6,7.5,4.5,11.6,47.7,55.6,19.2,104.36,10.3
Jerami Grant,0,DEN,26,54,37,17,26.4,11.3,4,8.6,46.8,1.4,3.4,39.7,1.9,2.6,73,0.9,2.8,3.7,1.1,0.8,0.6,0.9,2.1,21.2,0,0,-1.3,108.2,110.2,-2.1,6.4,1.36,9.7,3.3,10.2,6.8,7.2,54.6,58,17.1,98.98,8
Jeremiah Martin,0,BKN,24,2,2,0,5.5,1,0.5,2,25,0,0,0,0,0,0,0,0.5,0.5,0.5,0,0.5,0,0,3.9,0,0,1.5,117.4,104.3,13,10,0,20,0,7.7,4.5,0,25,25,16.7,100.98,4.3
Jeremy Lamb,0,IND,28,44,26,18,28.7,12.9,4.9,10.6,46,1.2,3.5,34.4,1.9,2.3,84.2,0.5,3.9,4.4,2.1,1.1,1.2,0.5,2.3,25.2,2,0,0.3,109.1,109.4,-0.3,10.5,1.88,14.1,1.9,13.4,7.9,7.5,51.7,55.6,19.3,99.25,9.6
Jeremy Pargo,0,GSW,34,3,0,3,14.8,8.3,3.7,7.3,50,1,2.3,42.9,0,0.3,0,0.3,0.7,1,2.7,1.3,0.3,0,2.7,13.2,0,0,0,112.1,109.7,2.4,30.8,2,23.5,2.4,4.8,3.6,11.8,56.8,55.7,26.8,99.66,7
Jerome Robinson,0,WAS,23,45,31,14,11.8,3,1.1,3.4,33.8,0.5,1.7,29.3,0.3,0.5,57.1,0.1,1.5,1.6,1.1,0.6,0.3,0.2,1.4,7.5,0,0,0.6,104,100.5,3.5,12.7,1.79,21,0.8,10.9,6,11.8,41.1,42.4,13.9,109.68,3.7
Jevon Carter,0,PHX,24,40,17,23,14.5,4.3,1.6,3.8,40.8,0.9,2.1,42.2,0.3,0.4,81.3,0.5,1.4,1.9,1.4,0.7,0.8,0.3,1.4,11,0,0,-1.1,103.1,105.1,-2.1,14.2,1.96,22.7,3.5,9.1,6.4,11.6,52.3,54.1,13.6,102.49,7.1
Jimmy Butler,1,MIA,30,46,31,15,34.4,20.6,6.2,13.5,45.7,0.6,2.5,24.8,7.7,9.2,83.6,1.8,5,6.8,6.1,2.3,1.8,0.5,1.4,42.7,10,3,4.7,112.9,107.3,5.6,28.6,2.68,23.6,5.6,14,9.9,8.8,47.9,58.7,25.2,97.46,16.2
Joe Harris,0,BKN,28,52,25,27,31.4,13.8,5.2,11.1,46.8,2.4,5.9,40.8,1,1.3,74.3,0.9,3.4,4.3,2.1,1.4,0.7,0.3,2.3,23.5,0,0,2.6,110.1,107,3,9.7,1.49,13.8,2.6,9.9,6.3,9.2,57.7,59,17.2,102.42,8.5
Joe Ingles,0,UTA,32,54,36,18,30.1,10,3.5,8.1,43.3,2,5.1,39.6,1,1.3,78.9,0.4,3.7,4,5.2,1.9,0.9,0.1,2.1,23.9,2,0,4.4,110.7,103.8,6.9,24,2.75,32.9,1.2,11.4,6.6,12,55.7,58,15,100.34,9.7
Joel Embiid,1,PHI,26,39,25,14,30.5,22.9,7.4,15.9,46.6,1.3,3.9,33.6,6.7,8.3,80.6,2.7,9.3,11.9,3.2,3,0.8,1.4,3.5,45.5,30,0,2.7,105.2,100.9,4.3,18.7,1.07,12.4,8.5,28.6,18.7,11.6,50.7,58.4,30.7,102.27,19.2
John Collins,0,ATL,22,30,10,20,32.2,20.6,8.4,14.6,57.2,1.3,3.6,35.5,2.6,3.2,81.4,2.6,7.6,10.2,1.4,1.7,0.6,1.6,3.7,40,16,0,-5.7,104,111.8,-7.8,7.5,0.79,7.1,7.7,22.2,15,9.1,61.5,64.3,22.7,104.32,15.2
John Henson,0,DET,29,32,7,25,14.1,5.1,2.2,4.1,53.8,0.2,1,19.4,0.6,1.1,52.9,1.1,2.9,4,1.4,0.8,0.5,1.1,1.8,16.2,1,0,-1.3,101.8,104.8,-3,14.1,1.83,20.8,7.6,19.6,13.7,11.3,56.2,56.6,15.6,101.82,11.4
John Konchar,0,MEM,24,6,3,3,5.7,1.2,0.5,0.8,60,0,0.3,0,0.2,0.2,100,0,0.3,0.3,0.5,0,0,0,0.2,2.3,0,0,-0.5,103.9,113.7,-9.8,10,0,37.5,0,6.5,3.3,0,60,64.3,6.1,105.74,6.1
Johnathan Motley,0,LAC,25,13,8,5,3.2,2.2,0.8,1.2,73.3,0.1,0.1,100,0.4,0.5,71.4,0.2,0.5,0.8,0.6,0.4,0.2,0,0.5,4.3,0,0,0.2,111.1,105.4,5.7,30.8,1.6,25.8,7.7,18.9,13.2,16.1,76.7,77.4,23.5,106.16,17.2
Johnathan Williams,0,WAS,25,11,6,5,12.3,3.2,1.5,2.3,64,0,0.2,0,0.3,0.5,60,1.4,2.5,3.9,0.5,0.4,0.1,0.5,1,10.2,0,0,-4.3,98.9,116.8,-17.9,6.7,1.5,16.2,9.9,19.9,14.7,10.8,64,64.3,9.2,99.9,11
Jonah Bolden,0,PHX,24,5,5,0,8.1,2,0.8,1.8,44.4,0,0.4,0,0.4,0.8,50,0.6,1,1.6,0,0.4,0.4,0.4,1.6,5.9,0,0,1,110,109.3,0.7,0,0,0,7.7,13.5,10.5,15.4,44.4,46.5,13.1,103.99,1.6
Jonas Valanciunas,0,MEM,28,51,26,25,26,14.9,6.3,10.7,58.7,0.5,1.4,37.5,1.8,2.5,72.2,2.8,7.7,10.5,1.9,1.8,0.4,1.2,2.7,33.5,26,0,-0.1,107.9,107.5,0.4,11,1.05,12.2,10.4,26.7,18.8,11.6,61.2,63.1,21.3,103.76,15.9
Jonathan Isaac,0,ORL,22,32,13,19,29.7,12,4.7,10.1,46.3,0.9,2.8,33,1.8,2.3,76.7,1.8,5.2,6.9,1.4,1.5,1.6,2.4,2.5,32.9,5,0,0.3,105.5,105.2,0.3,7,0.94,9.9,5.7,17.4,11.4,10.6,50.9,54.2,18.1,99.61,10.5
Jordan Bell,0,CLE,25,27,8,19,8.7,3.1,1.2,2.2,53.3,0.1,0.3,22.2,0.6,1.1,58.6,1,1.9,2.9,0.5,0.7,0.1,0.4,0.6,8,0,0,-0.3,106.4,108.2,-1.8,8.8,0.78,13.3,11.3,20.3,15.8,17.1,55,57,15.6,104.47,10.2
Jordan Bone,0,DET,22,9,3,6,5.3,0.7,0.3,1.9,17.6,0,0.9,0,0,0,0,0,0.1,0.1,0.9,0.2,0.1,0,0.7,2.2,0,0,-1,96,108.2,-12.2,26.7,4,29.6,0,2.7,1.1,7.4,17.6,17.6,16.2,98.71,-3.6
Jordan Clarkson,0,UTA,28,53,26,27,24.1,15.3,5.5,12,46.4,2.2,5.7,37.8,2.1,2.5,83.8,0.7,1.9,2.5,2.1,1.2,0.6,0.3,1.4,22.9,0,0,-0.8,109.2,110.9,-1.7,14.3,1.73,13,2.7,7.6,5.1,7.5,55.4,58.7,24.6,100.04,11.4
Jordan McLaughlin,0,MIN,24,19,4,15,19.1,6.7,2.6,5.8,45.5,0.9,2.6,34,0.5,0.8,66.7,0.2,1.5,1.7,3.8,0.7,1,0.1,0.9,17,1,0,-1.1,104.2,107.1,-2.9,29.3,5.21,36.3,0.7,8.8,4.3,7,53.2,54.5,14.1,106.17,10.7
Jordan McRae,0,DET,29,31,11,20,21.9,12.2,4.4,10.4,41.9,1.4,3.5,38.2,2.2,2.8,77,0.6,2.9,3.5,2.8,1.2,0.6,0.5,2,22.9,0,0,-0.9,110.2,111.8,-1.6,18.3,2.26,17.8,2.5,13.5,7.8,7.9,48.4,52.6,23.8,106.25,10
Jordan Poole,0,GSW,21,48,10,38,21.5,7.8,2.5,8.5,29.5,1.2,4.6,26.5,1.6,1.9,83.9,0.1,1.9,2,2,1,0.6,0.2,1.6,14.7,0,0,-2.6,101.3,108.3,-7,13.9,1.94,16.2,0.5,8.9,4.5,8.4,36.6,42,19.3,103.69,4.3
Josh Gray,0,NOP,26,2,1,1,11.4,1,0.5,1,50,0,0,0,0,0,0,0.5,0.5,1,1,2.5,0,0,0.5,1.2,0,0,-3.5,76.6,91.5,-14.9,15.4,0.4,22.2,5.3,4,4.5,55.6,50,50,13.7,99.31,-2.4
Josh Hart,0,NOP,25,48,19,29,28.2,10.6,3.6,8.6,42.3,2.1,5.8,35.4,1.3,1.6,77.2,1,5.4,6.4,1.6,1.1,1.1,0.4,2.6,24,7,0,-0.4,108.3,109.6,-1.3,7.7,1.4,13.3,3.2,18,10.5,9.5,54.2,56.8,14.8,105.08,8.8
Josh Jackson,0,MEM,23,7,5,2,17.6,6,2.1,5.9,36.6,0.4,2.6,16.7,1.3,1.9,69.2,0.7,3.1,3.9,0.9,1.4,0.9,0.1,1.4,13.5,0,0,3.6,108.7,99.3,9.4,5.7,0.6,10,3.8,15.4,9.8,16.7,40.2,44.9,17.8,107.57,5.7
Josh Magette,0,ORL,30,8,3,5,4.7,1.5,0.6,1.9,33.3,0.1,0.5,25,0.1,0.3,50,0.1,0.6,0.8,0.6,0.6,0.4,0.1,0.5,4.2,0,0,0.1,89.7,87.3,2.4,23.8,1,19.2,2.2,12.8,7.1,19.2,36.7,37.8,22.6,99.44,5.7
Josh Okogie,0,MIN,21,51,16,35,24.4,8.6,2.7,6.6,41.2,0.6,2.6,25,2.5,3.2,79.1,1.4,3,4.4,1.6,1.5,1.1,0.4,2.1,19.3,0,0,-2.1,105.6,109.8,-4.2,9.2,1.08,14.2,5,11.9,8.3,13.1,46.1,53.8,15.6,105.51,7.2
Josh Reaves,0,DAL,23,2,1,1,0.7,0,0,0.5,0,0,0,0,0,0,0,0,0,0,0,0,0,0,0,0,0,0,-2.5,0,100,-100,0,0,0,0,0,0,0,0,0,33.3,129.29,-33.3
Josh Richardson,0,PHI,26,41,25,16,30.8,14.6,5.4,12.3,43.7,1.6,4.6,33.9,2.3,2.9,79.5,0.8,2.4,3.2,3.2,2.1,0.9,0.6,2.6,25.8,0,0,2.6,107.5,103.5,4,15.4,1.53,17.1,2.5,7.6,5,11.1,50.1,53.8,21.2,100.74,8.3
Jrue Holiday,0,NOP,30,46,19,27,34.6,19.3,7.6,17.2,44.1,2,5.8,34.7,2.1,3,70.6,1.2,3.5,4.7,6.5,2.9,1.7,0.9,2.1,39.4,8,0,-0.9,109.7,111.3,-1.5,28.4,2.25,23.5,3.3,9.3,6.3,10.5,49.9,52.1,25,103.67,11.4
Juan Toscano-Anderson,0,GSW,27,3,0,3,15.8,4,1.7,3.3,50,0.7,0.7,100,0,0,0,0,2.3,2.3,1,1,1,0,1,10.3,0,0,-10.7,99,129.7,-30.7,10,1,18.8,0,17.5,8,18.8,60,60,11.6,101.78,7.2
Juancho Hernangomez,0,MIN,24,37,21,16,13.8,4.1,1.4,3.9,36.6,0.6,2,28.4,0.7,1,65.8,0.8,2.2,3.1,0.7,0.5,0.2,0.2,1,9.4,1,0,0.4,107.9,105.7,2.2,6.7,1.37,12.6,5.2,15.6,10.2,9.2,43.8,47,14.2,103.22,6.1
Julius Randle,0,NYK,25,53,17,36,32.8,19.3,7.2,15.9,45.5,1,3.9,26.4,3.8,5.3,71.2,2.3,7.3,9.6,3.2,3.1,0.8,0.3,2.8,36.1,23,0,-3.6,104.8,110.5,-5.6,16.3,1.04,13.1,6.3,22.1,13.9,12.5,48.8,52.9,27,99.64,12.9
Justin Anderson,0,BKN,26,3,2,1,5.6,1,0.3,2,16.7,0,1,0,0.3,0.7,50,0,0.7,0.7,0,0,0,0.3,0.7,2.8,0,0,-2.7,69.2,94.6,-25.4,0,0,0,0,9.1,4.9,0,16.7,21.8,15.9,107.82,-4.7
Justin Holiday,0,IND,31,55,32,23,25.4,8.3,2.9,6.6,43.4,1.8,4.4,41.7,0.7,0.9,78.8,0.5,2.9,3.4,1.5,0.5,1,0.6,1.8,19,0,0,1.6,109.1,105.8,3.4,7.6,2.79,16.4,2,10.3,6.3,5.9,57.2,59.1,12.6,102,7.8
Justin Jackson,0,DAL,25,49,31,18,16.1,5.8,2.2,5.6,39.4,0.8,2.7,30.1,0.6,0.7,85.3,0.4,1.9,2.4,0.7,0.2,0.2,0.1,1.1,10.4,0,0,-0.1,111.9,112.2,-0.2,5.8,3,9.9,2.6,11.8,7,3.3,46.7,49.3,15.7,101.16,6
Justin James,0,SAC,23,31,11,20,7,2.7,1.1,2.5,42.3,0.3,0.8,34.6,0.3,0.7,47.6,0.2,0.8,1,0.5,0.3,0.2,0.3,0.5,5.9,0,0,-0.3,97.8,97.3,0.6,11.6,2,14.3,2.7,11,6.8,7.1,48.1,48.7,18.7,103.88,8
Justin Patton,0,DET,23,5,2,3,4.8,1.8,0.8,2,40,0.2,0.8,25,0,0,0,0.2,0.8,1,0.4,0.4,0,0,0.8,3.2,0,0,-3.2,94.8,126.8,-32,11.1,1,14.3,4.2,17.4,10.6,14.3,45,45,19.4,112.86,2.9
Justin Robinson,0,WAS,22,9,2,7,5.4,1.4,0.6,1.3,41.7,0.3,0.6,60,0,0,0,0.1,0.4,0.6,0.8,0.3,0,0.1,0.2,3.3,0,0,3.4,110.9,81,29.9,19.4,2.33,31.8,2.2,9.8,5.7,13.6,54.2,54.2,13.3,99.08,7.7
Justise Winslow,0,MEM,24,11,7,4,32,11.3,4.5,11.7,38.8,0.5,2.5,22.2,1.6,2.5,66.7,1.5,5.2,6.6,4,2.2,0.6,0.5,3.5,26.3,1,0,4.7,106.2,99.9,6.4,18.3,1.83,21,4.3,15.4,9.8,11.4,41.1,44,19,104.72,7.4
Juwan Morgan,0,UTA,23,13,10,3,4.1,1.2,0.5,1,53.8,0.1,0.3,25,0,0,0,0.4,0.7,1.1,0.1,0.2,0,0.1,0.5,2.6,0,0,1.7,107,87,20.1,2.2,0.33,5.9,9.1,14.3,11.9,17.6,57.7,57.7,11.9,103.27,8
KZ Okpala,0,MIA,21,5,2,3,5.2,1.4,0.6,1,60,0,0.2,0,0.2,0.4,50,0.2,0.8,1,0.2,0.2,0.4,0.2,0.4,4.5,0,0,-3,112.7,113.1,-0.4,33.1,2.46,20,3.2,12,7.5,8.1,54.6,59.5,31.8,104.28,16.4
Kadeem Allen,0,NYK,27,10,3,7,11.7,5,1.9,4.4,43.2,0.5,1.6,31.3,0.7,1.1,63.6,0.2,0.7,0.9,2.1,0.8,0.5,0.2,0.7,10.5,0,0,-2.1,106.3,116.4,-10.1,25.9,2.63,27.6,1.6,6.5,3.8,10.5,48.9,51.2,19.1,103.34,8.7
Karl-Anthony Towns,0,MIN,24,35,10,25,33.9,26.5,9,17.8,50.8,3.3,7.9,41.2,5.1,6.5,79.6,2.7,8.1,10.8,4.4,3.1,0.9,1.2,3.3,49.3,24,0,-0.4,113.9,115.4,-1.5,21,1.39,15.7,7.5,24,15.5,11.3,60,64.2,27.8,104.69,16.8
Kawhi Leonard,1,LAC,29,42,31,11,32.5,27.2,9.5,20.5,46.3,2.1,5.7,37.4,6.1,6.8,89.5,1,6.5,7.5,5.3,3,1.8,0.7,1.9,48.5,12,1,7.6,115.3,104.3,11,27.3,1.73,16.7,3,18.2,10.7,9.7,51.5,57.9,33.4,101.38,19.2
Keita Bates-Diop,0,DEN,24,39,10,29,17.1,6.6,2.3,5.3,42.8,0.8,2.4,33,1.3,1.8,71,0.5,2.3,2.9,0.8,0.4,0.4,0.5,1,13.8,0,0,-4.1,98.7,109.4,-10.7,7.3,2.14,10.6,2.7,12.9,7.6,5,50.2,54.1,15.5,104.07,8.8
Kelan Martin,0,MIN,24,22,9,13,16.8,5.9,2.3,6,38.2,0.8,3.1,26.5,0.5,0.5,100,0.3,3,3.3,0.5,0.5,0.3,0.3,1.8,11.7,0,0,-0.6,98,99.9,-1.8,4.2,0.83,6.3,1.6,15.7,8.5,7.6,45,47.7,15.9,105.35,6.7
Keldon Johnson,0,SAS,20,4,1,3,3.1,1,0.5,1.3,40,0,0,0,0,0,0,0,0.8,0.8,0,0,0,0,0,1.9,0,0,2.3,100,73.1,26.9,0,0,0,0,27.3,13,0,40,40,16.7,105.65,10.1
Kelly Olynyk,0,MIA,29,48,32,16,19.4,7.5,2.5,5.6,45.3,1.3,3.2,38.7,1.3,1.4,87,0.7,3.9,4.6,1.5,1.1,0.6,0.3,2.4,17,3,0,0.6,109.1,108.5,0.6,11,1.37,16.8,3.5,18.9,11.4,12.3,56.6,60.9,15.5,101.52,9.6
Kelly Oubre Jr.,0,PHX,24,53,20,33,34.4,18.9,6.7,14.7,45.5,2,5.6,35.9,3.5,4.5,78.9,1.2,5.4,6.6,1.5,1.5,1.2,0.7,3.4,33.4,9,0,-1.2,110.3,111.1,-0.8,6.5,0.98,7.6,3.3,15.6,9.4,7.8,52.2,56.6,22.1,102.49,9.9
Kemba Walker,1,BOS,30,46,32,14,32.2,21.8,7.2,16.8,42.9,3.4,8.7,38.8,3.9,4.5,86.6,0.7,3.4,4.1,5,2.1,1,0.5,1.6,36.6,2,0,5.1,116.3,108.5,7.7,23.4,2.37,19.5,2,10.3,6.2,8.2,53,57.9,27.2,100.32,13.5
Kendrick Nunn,0,MIA,24,51,34,17,30,15.3,6.1,13.8,43.9,1.9,5.7,34.1,1.2,1.5,82.9,0.3,2.5,2.7,3.5,1.7,0.9,0.2,2.2,25.2,0,0,1.5,109.4,107.5,1.9,18.7,1.99,17.6,1,7.9,4.5,8.9,50.9,52.9,23.4,98.88,8.6
Kenrich Williams,0,NOP,25,35,12,23,22.3,3.8,1.4,4.1,34.3,0.7,2.7,26,0.3,0.7,37.5,1.4,3.7,5.1,1.5,0.6,0.7,0.6,2.3,15.5,0,0,-1.4,105.8,108.2,-2.3,8.8,2.52,23.5,5.6,15.8,10.5,9.3,43,43,9,103.55,5.4
Kent Bazemore,0,SAC,30,54,24,30,24.7,8,2.7,7.6,35.3,1.2,3.7,32.8,1.5,1.9,77.7,0.4,3.6,4,1.3,1.3,1,0.6,2.8,18.6,0,0,-0.1,107.7,107.4,0.2,7.5,1,12.1,1.5,13.4,7.5,12.1,43.4,47.9,16.5,102.19,5.5
Kentavious Caldwell-Pope,0,LAL,27,53,41,12,25.3,9.5,3.4,7.2,47,1.4,3.5,41.5,1.3,1.6,81.9,0.6,1.5,2.1,1.7,0.8,0.8,0.2,1.8,16.8,0,0,3.4,113.9,108,5.9,9,2.04,16.6,2.5,5.4,4,8.1,56.9,60.1,14.1,101.98,6.9
Kevin Hervey,0,OKC,23,6,3,3,2.2,0,0,0.8,0,0,0.7,0,0,0,0,0,0.3,0.3,0.2,0,0,0,0.2,0.7,0,0,-0.7,80,96.6,-16.6,14.3,0,16.7,0,18.2,7.7,0,0,0,15.2,107.04,-8.3
Kevin Huerter,0,ATL,21,45,14,31,30.3,12.3,4.5,10.7,41.8,2.3,5.8,39.2,1,1.3,82.5,0.6,3.5,4.1,3.4,1.6,0.8,0.5,2.4,24.5,1,0,-4.6,106.8,113.7,-6.9,15.9,2.05,20.8,1.9,11.2,6.5,10.1,52.5,54.5,17.4,104.08,7.9
Kevin Knox II,0,NYK,20,54,17,37,18.3,6.8,2.3,6.3,36.8,1.1,3.2,32.6,1,1.6,65.1,0.4,2.5,2.9,0.9,0.6,0.4,0.4,1.6,13.3,0,0,-3.6,99.6,108.8,-9.2,7.7,1.46,10.9,1.8,13.2,7.2,7.5,45.2,48,17.2,102.72,6.2
Kevin Love,0,CLE,31,46,11,35,31.3,17.7,6,13,45.7,2.6,6.8,38,3.2,3.7,85.3,0.9,8.9,9.8,3,2.5,0.6,0.3,1.6,34.2,19,0,-6.5,105.9,116.6,-10.8,14.6,1.21,15,2.7,29.5,15.5,12.4,55.6,60.2,22.7,100.34,14.3
Kevin Porter Jr.,0,CLE,20,42,12,30,22.7,9.8,3.7,8.1,45.9,1,3,34.7,1.3,1.8,71.1,0.4,2.8,3.2,2,1.9,0.9,0.2,2.7,17.9,0,0,-5.8,101.6,113.2,-11.6,13.8,1.06,15.5,1.7,12.2,6.7,14.6,52.2,54.7,19.9,100.42,7
Kevon Looney,0,GSW,24,15,5,10,11.7,2.9,1.2,3.4,35.3,0.1,0.5,14.3,0.4,0.6,66.7,1.5,1.6,3.1,0.7,0.5,0.5,0.3,1.7,9.4,0,0,-3.8,95.7,112.2,-16.4,10,1.57,15.5,11.6,15,13.1,9.9,36.3,39.1,14.2,101.64,4.5
Khem Birch,0,ORL,27,38,15,23,20.3,4,1.5,3,49.6,0,0,0,1.1,1.8,61.2,1.8,2.9,4.7,0.9,0.6,0.4,0.6,1.9,13.4,0,0,-2.3,101.8,107.6,-5.8,6.5,1.52,17.3,8.2,14.6,11.2,11.4,49.6,53.7,9.2,98.74,6.2
Khris Middleton,1,MIL,28,47,39,8,29.6,20.4,7.4,14.9,50.1,2.4,5.5,43.8,3.1,3.5,90.2,0.8,5.4,6.1,4.3,2,1,0.1,2.1,35.6,5,0,9,113.9,99.9,14,21.2,2.13,19.1,2.5,15.5,9.4,9,58.3,62.4,25.3,106.66,15.6
Khyri Thomas,0,DET,24,2,1,1,2.8,0.5,0,0,0,0,0,0,0.5,1,50,0,0,0,0,0,0,0,0,0.5,0,0,-2,41.7,81.8,-40.2,0,0,0,0,0,0,0,0,56.8,8.3,98.28,0
Kostas Antetokounmpo,0,LAL,22,3,3,0,1.7,0,0,0,0,0,0,0,0,0,0,0,0.3,0.3,0.3,0,0,0,0,0.9,0,0,-0.7,108.3,125,-16.7,16.7,0,100,0,33.3,14.3,0,0,0,0,112.83,7.3
Kris Dunn,0,CHI,26,51,19,32,24.9,7.3,3,6.7,44.4,0.6,2.2,25.9,0.8,1.1,74.1,0.5,3.2,3.6,3.4,1.3,2,0.3,3.1,22.4,0,0,-0.6,103.5,103.6,-0.1,19.8,2.54,28.5,1.7,13.2,7.3,11.2,48.7,51,14.5,101.61,8.2
Kristaps Porzingis,0,DAL,24,42,24,18,30.5,18.4,6.3,15.2,41.6,2.3,6.6,35,3.5,4.5,77.5,1.6,7.5,9.1,1.5,1.7,0.7,1.9,3.1,37.7,17,0,4.7,115.4,108.4,7.1,7.5,0.89,7.3,5,22.3,13.8,8.2,49.2,53.7,25.7,100.92,11.8
Ky Bowman,0,GSW,23,40,9,31,21.9,7,2.8,6.9,40,0.8,2.4,32.6,0.7,0.9,82.9,0.5,2,2.5,3,1.4,0.9,0.2,2.2,16.2,0,0,-2.8,100.3,106.8,-6.5,21,2.15,25.5,2.1,8.7,5.3,11.9,45.6,48.2,16.4,101.63,6.4
Kyle Anderson,0,MEM,26,48,26,22,18.1,5.3,2.2,4.4,49.8,0.2,0.9,19.5,0.7,1.1,64.8,0.9,3.2,4.1,2.1,0.9,0.8,0.5,1.5,16.4,0,0,-1.7,101.7,105.8,-4.1,15.9,2.51,27,5,15.5,10.5,10.7,51.6,53.9,13.2,105.33,9.8
Kyle Guy,0,SAC,22,2,1,1,2,1,0.5,1,50,0,0.5,0,0,0,0,0,0,0,0,0,0,0,0,1,0,0,-1.5,100,130,-30,0,0,0,0,0,0,0,50,50,20,121.01,4.2
Kyle Korver,0,MIL,39,47,40,7,16.7,6.4,2.1,5,41.8,1.6,4,40.7,0.6,0.7,83.9,0.3,1.8,2.1,1.2,0.8,0.4,0.2,1.3,11.8,0,0,2.9,110.6,102.6,8,8.8,1.41,16.2,1.4,8.8,5.4,11.5,58,60,14.4,107.94,7
Kyle Kuzma,0,LAL,24,44,35,9,24.7,12.6,4.6,10.6,43.7,1.5,4.4,33.2,1.8,2.5,74.3,0.9,3.5,4.4,1.3,1.6,0.4,0.4,1.8,20.5,2,0,2.5,111.1,107,4.1,7.6,0.82,9,3.7,13,8.5,11.1,50.5,53.7,22.1,102.88,8.3
Kyle Lowry,1,TOR,34,43,30,13,36.5,19.6,6,14.2,42,2.9,8,35.7,4.8,5.6,85.5,0.6,4.1,4.7,7.6,2.9,1.2,0.4,3.2,38.8,11,2,4.3,110.5,105.2,5.3,30.7,2.62,28.2,1.6,10.6,6.2,10.8,52,58.7,22.3,102.04,12.2
Kyle O'Quinn,0,PHI,30,22,15,7,10.1,3.5,1.5,2.9,50,0.3,1,33.3,0.2,0.5,45.5,1.2,2.5,3.7,1.5,0.8,0.2,0.8,1.3,12.1,1,0,-1.7,106.8,115,-8.1,19.4,1.78,27.1,11.6,25.4,18.2,15.3,55.5,55.2,15.7,101.53,11.3
Kyrie Irving,0,BKN,28,20,8,12,32.9,27.4,10,20.8,47.8,2.8,7.1,39.4,4.7,5.1,92.2,1.1,4.1,5.2,6.4,2.6,1.4,0.5,2.7,46.1,3,1,-0.4,112.7,113.1,-0.4,33.1,2.46,20,3.2,12,7.5,8.1,54.6,59.5,31.8,104.28,16.4
LaMarcus Aldridge,0,SAS,34,50,21,29,33.2,19.1,7.4,14.9,50.1,1.2,2.9,40.7,3,3.6,83,2,5.6,7.6,2.4,1.4,0.6,1.6,2.4,37.2,14,0,-2.3,110.5,113.6,-3.1,11.6,1.7,12,5.9,16.5,11.3,7,54,58,23.4,99.77,12.3
Landry Shamet,0,LAC,23,38,24,14,29.2,10.6,3.5,8,43.6,2.5,6,41,1.2,1.3,91.8,0.1,2,2.1,1.8,0.8,0.4,0.2,3,16.9,0,0,2.3,112.1,108.2,3.9,8.4,2.33,16.6,0.3,6.1,3.3,7.1,59.1,62.1,13.1,103.31,5.5
Langston Galloway,0,DET,28,57,19,38,26,10.1,3.5,8.1,43.2,2,5,39.5,1.2,1.4,85.7,0.5,1.7,2.2,1.6,0.6,0.7,0.2,1.4,17.2,0,0,-1.5,107.9,111.1,-3.2,8.8,2.62,14.7,1.8,6.5,4.1,5.6,55.4,58.3,14.5,100.78,7.4
Larry Nance Jr.,0,CLE,27,45,11,34,25.1,9.5,3.8,7.2,52.8,1,2.9,34.9,0.8,1.2,67.9,1.8,5.5,7.3,2,1,0.8,0.5,1.6,24.1,9,0,-3.7,104.4,111.2,-6.8,11.9,1.91,18.1,6.7,21.9,14.1,9.4,59.7,60.9,14.8,100.04,12.7
Lauri Markkanen,0,CHI,23,46,17,29,30.3,15,5.1,12,42.4,2.2,6.4,34.4,2.7,3.2,82.6,1.2,5.2,6.5,1.5,1.7,0.8,0.5,2,27.4,3,0,-1.7,105.2,107.6,-2.4,7.9,0.91,9.2,3.9,17.5,10.5,10.1,51.5,56,20.9,101.8,10.3
LeBron James,1,LAL,35,51,40,11,34.9,25,9.6,19.6,48.9,2.1,6.2,34.5,3.7,5.4,68.7,1,6.8,7.8,10.8,4,1.3,0.4,1.7,51.7,38,12,8.5,114.5,103.6,10.9,47.9,2.67,29.6,2.9,18.7,11,11.1,54.4,56.9,30.8,101.26,19.2
Lonnie Walker IV,0,SAS,21,46,21,25,13.8,5.7,2.2,5.1,43.8,0.5,1.3,38.7,0.8,1.1,70.6,0.4,1.7,2,0.7,0.6,0.5,0.2,1.2,10.8,0,0,0.2,108.2,107.7,0.5,7.8,1.26,10.7,2.7,11.2,7,8.5,48.9,51.7,18.8,102.22,6.9
Lonzo Ball,0,NOP,22,47,19,28,32,11.9,4.4,11.1,40,2.4,6.4,36.6,0.6,1.1,56.6,1.1,4.9,6.1,6.7,3,1.3,0.5,2,31.6,11,3,-0.7,109.4,110.7,-1.3,28.9,2.28,31.6,3.2,14.3,8.7,13.9,50.6,51.2,18.4,104.5,9.9
Lou Williams,0,LAC,33,52,35,17,30,19.5,6.4,15.4,41.2,1.8,5.1,35,5,5.8,86.3,0.4,2.7,3.1,5.9,2.9,0.6,0.2,1.4,31.7,2,0,2.6,110.4,107.2,3.2,29.8,2.03,22.2,1.3,7.9,4.7,11,47,54.2,27.6,105.13,12.4
Louis King,0,DET,21,10,3,7,6.2,2,0.8,2.1,38.1,0.4,1.1,36.4,0,0.3,0,0.1,0.9,1,0.5,0.2,0.2,0,1,4.4,0,0,1.9,109.4,98.4,11,12.5,2.5,17.2,1.5,14.1,7.6,6.9,47.6,44.8,16.3,96.85,4.3
Luguentz Dort,0,OKC,21,20,15,5,20.8,5.8,2.1,5.1,40.2,0.8,2.5,30,0.9,1.2,75,0.6,1,1.5,0.6,0.6,0.8,0.1,2.7,10.3,0,0,1.8,112.3,106.8,5.5,3.8,1,8.9,2.7,4.3,3.6,8.9,47.5,51.1,13.1,98.86,2.1
Luka Doncic,1,DAL,21,44,28,16,32.8,28.9,9.5,20.4,46.5,2.9,9.1,32.3,7,9.1,76.5,1.4,8.1,9.5,8.7,4.2,1,0.2,2.5,52.7,29,12,5.3,118.2,111.1,7.1,45.7,2.08,23.4,4.2,22.8,13.7,11.3,53.7,59.2,36.1,100.51,20.1
Luke Kennard,0,DET,24,28,11,17,32.9,15.8,5.4,12.2,44.2,2.6,6.5,39.9,2.4,2.7,89.3,0.3,3.2,3.5,4.1,1.5,0.4,0.2,2.3,26.5,0,0,-0.8,109.2,111.3,-2.1,18.8,2.67,21.7,1,9.5,5.4,8.1,54.8,58.9,19.3,98.61,9.8
Luke Kornet,0,CHI,24,35,11,24,15.5,6,2.3,5.2,43.7,0.9,3,28.6,0.6,0.8,71.4,0.6,1.8,2.4,0.9,0.4,0.3,0.7,1.5,12.9,0,0,-0.9,104.1,106.7,-2.6,8.1,2.38,12.9,3.8,12,7.7,5.4,51.9,53.8,16.3,101.58,7.4
Malcolm Brogdon,0,IND,27,41,25,16,30.8,16.6,6.1,13.9,43.8,1.4,4.2,32.4,3.1,3.4,90.6,0.8,3.9,4.7,7.3,2.5,0.7,0.2,1.9,33.2,9,0,1.6,108.8,106.6,2.2,35.8,2.89,29.2,2.7,12.3,7.6,10.1,48.8,54,25.1,98.99,13.6
Malcolm Miller,0,TOR,27,22,19,3,5.3,0.9,0.3,1,33.3,0.2,0.7,31.3,0,0.3,16.7,0,0.6,0.6,0.4,0.1,0.2,0.1,0.5,2.9,0,0,2,115,101.2,13.8,8.5,2.67,22.9,0.9,9.7,5.6,8.6,45.2,42.3,9.1,102.23,3.1
Malik Beasley,0,MIN,23,44,27,17,19.2,8.9,3.2,8.1,39.5,1.6,4.4,37.1,0.8,1,86,0.3,1.9,2.2,1.3,1,0.8,0.1,1.3,15.2,1,0,1.2,111.1,107.8,3.3,9.9,1.33,12,1.4,9.7,5.5,9.1,49.6,52,20.1,102.08,7.3
Malik Monk,0,CHA,22,52,17,35,20.9,9.9,3.8,8.6,43.8,1,3.6,28.5,1.4,1.7,81.6,0.5,2.3,2.8,2,1.4,0.5,0.3,1.3,17.3,1,0,-3.7,102.5,111.9,-9.5,16.6,1.47,16,2,10.9,6.3,10.9,49.8,53.2,21.7,98.81,9.2
Malik Newman,0,CLE,23,1,0,1,3.7,2,0,2,0,0,1,0,2,2,100,0,0,0,0,1,0,0,0,1,0,0,-3,57.1,87.5,-30.4,0,0,0,0,0,0,25,0,34.7,57.1,97.74,-15.4
Marc Gasol,0,TOR,35,35,27,8,27.8,7.8,2.8,6.6,42.4,1.4,3.5,40.3,0.7,1,72.2,0.8,5.6,6.5,3.5,1.2,0.8,0.9,2.9,24.7,3,0,6.9,111.2,100.3,10.9,16.4,2.84,29.7,3,18.2,11,10.5,53.2,55.1,12.7,101.81,9.3
Marco Belinelli,0,SAS,34,47,21,26,15.1,5.4,1.9,5.1,37.1,1,2.8,34.6,0.7,0.9,78,0.1,1.6,1.6,1.3,0.3,0.2,0,0.8,9.6,0,0,0.6,111.8,109.9,1.9,10.9,4.36,18.5,0.4,9.6,5.1,4.2,46.7,49.6,15.8,102.96,6.1
Marcus Morris Sr.,0,LAC,30,46,15,31,32.3,19,6.4,14.5,44.2,2.6,6.1,43.2,3.5,4.3,82.3,1.1,4.3,5.4,1.4,1.7,0.8,0.4,3,29.7,3,0,-2.5,107.6,111.3,-3.6,6.7,0.83,7.2,3.1,13.2,7.9,8.7,53.2,57.9,23.2,98.9,10.4
Marcus Smart,0,BOS,26,43,29,14,31.6,12.5,4.2,11,38.3,2.3,6.5,35.3,1.8,2.2,83.2,0.7,2.9,3.6,4.7,1.6,1.6,0.5,2.6,28.6,0,0,4.4,110.5,103.9,6.6,21.2,2.9,25.9,2,8.6,5.3,8.9,48.7,52.5,17.7,101.69,9
Marial Shayok,0,PHI,24,2,1,1,5.2,1.5,0.5,2.5,20,0.5,1.5,33.3,0,0,0,0,1.5,1.5,0.5,0.5,0,0,0,3.6,0,0,-5,96,136,-40,11.1,1,14.3,0,27.3,13.6,14.3,30,30,21.4,116.34,3.3
Mario Hezonja,0,POR,25,39,16,23,16.2,4.5,1.5,4,38.5,0.4,1.4,28.3,1,1.3,81.6,0.6,3,3.6,0.8,0.7,0.6,0.2,2.2,11.5,1,0,-3.8,102.1,112.4,-10.2,6.7,1.03,12.7,3.2,15.7,9.7,12.2,43.3,49.3,13.4,104.59,5.9
Markelle Fultz,0,ORL,22,54,24,30,28.2,11.9,4.9,10.5,46.5,0.5,1.9,27,1.7,2.2,75,0.5,3,3.5,5,2,1.3,0.2,1.9,26,3,1,-0.6,107.7,108.8,-1.2,26.3,2.44,26.9,1.6,10.8,6.1,11.1,48.9,52,20.5,99.56,9.7
Markieff Morris,0,LAL,30,44,14,30,22.5,11,4,8.8,45,1.7,4.3,39.7,1.4,1.8,77.2,0.5,3.4,3.9,1.6,1.6,0.6,0.3,2.4,19,1,0,-2.2,106,111.3,-5.3,10.8,0.99,12.3,2.4,14.7,8.7,12.5,54.6,57.3,21.4,100.37,8.6
Marko Guduric,0,MEM,25,33,14,19,13.2,4.5,1.6,4.2,38.4,0.6,2.2,29.6,0.6,0.7,91.3,0.4,1.5,1.9,1.2,1,0.3,0.2,0.9,9.2,0,0,-1.4,103.6,107.9,-4.4,12.5,1.18,18.2,2.7,11,6.8,15.5,46,50,16.8,105.72,5.9
Marques Bolden,0,CLE,22,1,0,1,2.8,0,0,0,0,0,0,0,0,0,0,0,2,2,0,0,1,0,1,5.4,0,0,4,114.3,57.1,57.1,0,0,0,0,50,33.3,0,0,0,0,119.29,30.8
Marquese Chriss,0,GSW,22,50,12,38,19.2,8.7,3.3,6.2,53.6,0.2,0.7,22.9,1.9,2.5,75.6,1.9,3.8,5.7,1.7,1.3,0.6,1.1,2,21.8,4,0,-3.7,102.4,111.9,-9.5,14.1,1.31,16.5,9,19.8,14.1,12.6,54.9,59.6,18.4,103.17,12.1
Marvin Bagley III,0,SAC,21,13,2,11,25.7,14.2,6,12.8,46.7,0.3,1.7,18.2,1.9,2.4,80.6,2.2,5.2,7.5,0.8,1.4,0.5,0.9,3.3,27.1,3,0,-6.8,102,114.6,-12.6,5,0.56,4.8,8.2,20.1,14,8.7,47.9,51.2,24.8,101.48,9.7
Marvin Williams,0,MIL,34,42,13,29,19.7,6.8,2.3,5.1,45.3,1.1,2.8,37.8,1.1,1.2,86.5,0.4,2.3,2.7,1,0.6,0.6,0.5,1.8,14.3,0,0,-2.2,106,111,-5,7.4,1.64,13.6,1.9,11.8,6.7,8.3,55.8,59.9,13.3,100.27,7.6
Mason Plumlee,0,DEN,30,43,30,13,17.4,7.4,3,4.9,60.5,0,0.1,0,1.5,2.7,55.3,1.8,3.7,5.6,2.4,1.5,0.5,0.6,2.2,19.7,2,0,0.1,106.8,105,1.8,20.3,1.67,24.3,9.6,19.6,14.5,14.6,60.5,60.9,17.9,101.25,12.6
Matisse Thybulle,0,PHI,23,47,31,16,20.3,4.9,1.7,4.2,40.8,1,2.7,37.3,0.5,0.8,64.9,0.5,1,1.6,1.2,0.9,1.4,0.9,2.3,14.7,0,0,0.1,103.1,102.4,0.7,8.1,1.43,18.4,2.5,5.1,3.8,12.9,52.8,54.4,10.9,102.64,4.5
Matt Mooney,0,CLE,23,2,0,2,2.3,1,0.5,1,50,0,0.5,0,0,0,0,0,0.5,0.5,0.5,0,0,0.5,0.5,3.9,0,0,1,110,90,20,25,0,33.3,0,25,9.1,0,50,50,15.4,104.35,11.1
Matt Thomas,0,TOR,25,24,18,6,10.4,4.5,1.6,3.3,48.8,1.1,2.3,48.1,0.2,0.3,71.4,0.2,1.2,1.4,0.5,0.3,0.3,0,0.9,7.5,0,0,0.3,103,104.2,-1.2,8.1,1.63,12.6,1.4,9.8,5.7,7.8,65,65.6,14.4,102.27,9.6
Matthew Dellavedova,0,CLE,29,46,12,34,12.3,2.6,0.9,2.8,32.8,0.2,1.5,16.4,0.5,0.6,89.3,0.3,0.9,1.1,2.6,0.9,0.3,0,1.3,8,0,0,-0.2,102.4,103.2,-0.8,29.1,2.93,39.9,2.1,6.8,4.4,13.6,37.1,42.8,13.4,101.45,5.1
Maurice Harkless,0,NYK,27,51,35,16,22.9,5.5,2.2,4.4,50.9,0.5,1.5,35.5,0.5,0.8,57.1,0.9,3.1,4,1,0.9,1,0.6,2.4,15.6,0,0,1.1,108.9,106.2,2.7,5.7,1.09,14.7,4,12,8.2,13.6,56.9,57.5,10.1,103.9,6
Max Strus,0,CHI,24,2,0,2,3.1,2.5,1,1.5,66.7,0,0.5,0,0.5,0.5,100,0.5,0,0.5,0,0,0,0,0.5,3.1,0,0,7.5,193.3,87.5,105.8,0,0,0,16.7,0,6.3,0,66.7,72.7,15.8,119.36,12.3
Maxi Kleber,0,DAL,28,54,32,22,24.9,8.9,3.1,6.8,45.8,1.6,4.2,37.9,1.1,1.3,89.7,1.6,3.6,5.2,1,0.7,0.3,1.1,2.2,20.1,1,0,2.3,112.2,107.5,4.7,5.8,1.45,11.2,5.8,13.4,9.6,7.8,57.5,60.8,13.4,100.84,8.5
Melvin Frazier Jr.,0,ORL,23,14,4,10,3.4,1.3,0.4,1.2,35.3,0.3,0.5,57.1,0.1,0.3,50,0.1,0.2,0.3,0.1,0.1,0.3,0.1,0.6,2.9,0,0,0.3,92.6,91.4,1.2,3.4,0.5,4.5,1.9,5.9,3.8,9.1,47.1,48,16.8,106.61,3.1
Meyers Leonard,0,MIA,28,49,34,15,20.1,6.1,2.4,4.6,52,1,2.4,42.9,0.3,0.5,65.4,0.6,4.5,5.1,1.1,0.7,0.3,0.3,2.1,14.8,2,0,1.9,111.1,105.5,5.6,7.6,1.51,16.6,2.9,21.7,12.7,10.9,63.5,64,12,97.87,8.7
Mfiondu Kabengele,0,LAC,22,12,9,3,5.4,3.5,1.2,2.7,43.8,0.8,1.7,45,0.4,0.4,100,0.1,0.8,0.9,0.2,0.2,0.2,0.2,0.8,5.7,0,0,-0.1,104.4,103.6,0.8,5,1,5.3,1.7,15.9,8.9,5.3,57.8,61.4,24.2,101.34,11.2
Michael Carter-Williams,0,ORL,28,32,13,19,17.7,6.4,2.3,5.5,41.2,0.4,1.4,26.1,1.5,1.9,77.4,0.9,2.2,3.2,2.7,1.1,1.1,0.5,1.7,18,0,0,-0.4,104.3,105.3,-1,24,2.56,26.9,4.7,12.5,8.3,10.5,44.6,50.4,17.4,98.75,10.5
Michael Frazier II,0,HOU,26,7,4,3,8.5,1.7,0.4,1.3,33.3,0.3,1,28.6,0.6,0.9,66.7,0.1,0.3,0.4,0.1,0.3,0.3,0,1.6,3,0,0,-3.3,96.9,111.1,-14.2,2.6,0.5,6.7,1.5,4,2.6,13.3,44.4,51.5,9.6,106.87,-1.7
Michael Kidd-Gilchrist,0,DAL,26,12,4,8,13.3,4,1.5,4.4,34,0.4,1.4,29.4,0.6,0.8,77.8,0.8,2.2,2.9,0.8,0.6,0,0.3,1.5,8.9,0,0,1.8,104.4,95,9.4,10.4,1.43,13.5,4.9,14.7,9.7,9.5,38.7,42.1,17.1,95.94,5.4
Michael Porter Jr.,0,DEN,22,39,29,10,14.2,8,3.1,6.1,50.8,1,2.3,43.2,0.8,1,79.5,1.1,3.3,4.4,0.7,0.8,0.4,0.5,1.7,16.3,5,0,1,112.5,109.3,3.2,7.6,0.97,9.2,7.2,22.7,14.7,9.6,58.8,60.9,20.6,102.29,12.4
Mikal Bridges,0,PHX,23,55,22,33,25.7,8.1,3,5.9,50.6,0.7,2.2,34.5,1.3,1.6,82,0.9,3.1,3.9,1.6,1,1.5,0.6,2.2,20.3,0,0,0.5,108.6,107.2,1.4,8.7,1.66,17.4,3.3,11.3,7.4,10.5,56.9,60.8,12.3,103.66,8.3
Mike Conley,0,UTA,32,32,19,13,27.9,13.5,4.7,11.9,39.2,1.8,4.9,36.1,2.4,3.1,78,0.6,2.6,3.2,4.2,1.8,0.7,0.1,2.2,24.2,0,0,1,108.1,106.8,1.3,23.2,2.25,21.7,2.1,8.7,5.5,9.6,46.7,51.1,22.9,101.13,8.9
Mike Muscala,0,OKC,28,37,21,16,12.5,4.8,1.6,4,40.1,1.1,3,35.7,0.5,0.6,81.8,0.3,2.1,2.4,0.8,0.4,0.2,0.3,1.2,9.9,0,0,0.1,103,103.2,-0.2,9.9,2.38,15.4,2.5,16.2,9.3,6.5,53.7,56.2,15.6,104.24,8.3
Mike Scott,0,PHI,31,55,34,21,17.2,5.5,2,5,39.6,1.1,3.3,34.1,0.4,0.5,88.9,0.8,2.6,3.4,0.6,0.4,0.3,0.1,1.2,11.2,0,0,1.5,107.4,103.2,4.2,4.5,1.55,9.2,4.5,14.4,9.5,5.9,50.7,52.8,13.2,102.5,7.3
Miles Bridges,0,CHA,22,54,18,36,30.7,13,5,11.3,44.1,1.6,4.6,34.1,1.5,1.9,79.6,1.4,4.1,5.5,1.7,1.5,0.6,0.7,2.1,24.8,4,0,-7.1,103.4,114.6,-11.2,8.9,1.1,11,4.3,13.5,8.8,10,51,53.7,19.2,97.45,8.4
Mitchell Robinson,0,NYK,22,51,16,35,22.6,9.2,3.9,5.4,73,0,0,0,1.3,2.3,58.1,2.9,3.8,6.7,0.5,0.6,0.9,1.8,3.3,25.6,4,0,-2.7,104.5,109,-4.5,3.7,0.85,7.3,11.4,15.9,13.6,8.6,73,71.9,12.7,100.8,12.3
Miye Oni,0,UTA,22,3,2,1,2.8,0,0,0,0,0,0,0,0,0,0,0,0.3,0.3,0,0.3,0,0,0,0.1,0,0,-4,61.1,121.1,-59.9,0,0,0,0,9.1,4.8,100,0,0,4.5,106.14,0
Mo Bamba,0,ORL,22,50,22,28,14.9,5.5,2.2,4.7,46.8,0.6,1.7,33.7,0.4,0.6,68.8,1.5,3.5,5,0.7,0.8,0.4,1.4,1.9,17.2,1,0,0.4,101.6,101.4,0.2,7.3,0.85,10.2,8.7,21.3,14.8,12,53,54.4,16.1,99.18,11.7
Monte Morris,0,DEN,25,55,38,17,21.1,8.5,3.4,7.5,45.9,0.9,2.1,40.2,0.8,1,80,0.3,1.4,1.8,3.6,0.7,0.7,0.2,0.9,18.2,0,0,1.2,108.8,106.6,2.2,24.7,5.53,29.9,1.5,6.4,3.9,5.4,51.6,53.8,16.8,99.76,10.4
Montrezl Harrell,0,LAC,26,54,37,17,28.4,18.8,7.7,13.4,57.6,0,0.3,0,3.4,5.4,63.4,2.7,4.4,7.1,1.8,1.8,0.6,1.1,2.4,33.5,9,0,3.7,111.6,105.8,5.8,10.4,0.98,9.3,9,13.5,11.3,9.5,57.6,59.8,24.5,104.91,14
Moritz Wagner,0,WAS,23,26,10,16,20.3,11.3,4.4,7.4,59.1,0.9,2.4,36.5,1.7,2.2,78.6,1.4,4.3,5.7,1.3,1.9,0.7,0.6,3.7,22.1,2,0,-1.1,109,110.7,-1.7,9.4,0.67,11,6.2,21,13.4,16.4,65,67.8,20.1,108.25,11.1
Moses Brown,0,POR,20,9,4,5,3.6,1.2,0.4,1.1,40,0,0,0,0.3,0.9,37.5,0.3,1.2,1.6,0.1,0.3,0.1,0.1,0.8,3.6,0,0,-3.7,90.8,141.7,-50.9,4.8,0.33,5.6,7.3,32.4,18.7,16.7,40,40.7,20,108.15,3.2
Myles Turner,0,IND,24,45,25,20,29.1,11.9,4.2,9.3,45.1,1.4,4.2,34.4,2.1,2.7,76.4,1.2,5,6.1,1.2,1.3,0.7,1.9,2.5,27.7,5,0,-0.1,108.1,107.9,0.2,6.1,0.93,9.6,4,16.8,10.5,10.3,52.9,56.8,17.9,98.04,9.4
Nassir Little,0,POR,20,39,18,21,12.7,3.8,1.4,3.3,43,0.3,1.3,25.5,0.7,1,66.7,0.7,1.8,2.5,0.5,0.4,0.3,0.4,1.6,9,1,0,-0.8,110,112,-2,4.7,1.2,10.1,5.1,12.3,8.7,8.4,48,51.3,13.1,104.09,5.2
Naz Mitrou-Long,0,IND,26,3,2,1,14.2,4.7,2,5.3,37.5,0.7,3.7,18.2,0,0,0,0,2,2,2.3,0.7,0.3,0.3,0.3,11.9,0,0,6,100,79.1,20.9,25,3.5,28,0,11.5,5.8,8,43.8,43.8,17.3,102.17,12.5
Naz Reid,0,MIN,20,19,5,14,11.4,7.4,2.7,6.4,41.8,1.2,3.2,36.1,0.8,1.1,76.2,0.7,2,2.7,0.7,0.6,0.3,0.5,2.3,13.7,0,0,1.4,106.3,101.1,5.3,10.4,1.17,8.9,5.4,16.2,10.5,7.6,50.8,53.3,26.1,105.19,9.4
Nemanja Bjelica,0,SAC,32,54,21,33,28.4,12.3,4.6,9.6,48.5,2.1,4.6,44.9,1,1.1,85.2,1.7,4.7,6.4,2.8,1.5,0.9,0.6,3.1,27,6,0,-1.4,108.7,112.3,-3.6,14,1.89,19.4,5.8,17.2,11.3,10.3,59.2,61,17.4,98.76,10.5
Nerlens Noel,0,OKC,26,46,28,18,18.7,7.8,3.2,4.7,67.3,0,0.1,33.3,1.5,1.9,79.1,1.6,3.5,5.2,1.1,1,1,1.5,2.5,22.2,3,0,0.2,106.8,105.9,0.9,9.1,1.09,14.2,8.9,17.7,13.5,13.1,67.5,70.8,15.3,99.86,13.6
Nickeil Alexander-Walker,0,NOP,21,41,18,23,12.2,5.1,1.9,5.5,33.9,1,2.9,34.2,0.4,0.7,60.7,0.2,1.8,2,1.8,1,0.3,0.2,1.1,10.5,0,0,-1.5,108.1,113.3,-5.1,20.7,1.85,20.9,1.5,13.5,7.4,11.3,42.7,44.1,22.7,105.15,6.2
Nicolas Batum,0,CHA,31,22,6,16,23,3.6,1.3,3.7,34.6,0.6,2.2,28.6,0.4,0.5,90,1.1,3.4,4.5,3,1,0.8,0.4,1.9,15.9,0,0,-2.2,108.6,111.9,-3.3,17.3,3,38.2,4.7,14.6,9.6,12.7,43.2,46.3,9.3,97.67,6.8
Nicolas Claxton,0,BKN,21,14,5,9,13.1,4.4,1.9,3.3,56.5,0.1,0.5,14.3,0.6,1.4,47.4,1.4,1.7,3.1,1.1,0.6,0.1,0.6,1,11.1,0,0,-4.2,94.7,108.5,-13.7,14.3,1.78,20.3,9.1,10.8,10,11.4,57.6,57,14.1,104.8,8.9
Nicolo Melli,0,NOP,29,43,19,24,15.8,6.1,2.1,4.8,44.9,1.1,3,37.4,0.7,0.9,76.9,0.6,2.2,2.8,1.1,0.7,0.6,0.3,1.9,13,0,0,-1.4,105.8,110.2,-4.4,10,1.47,15.6,3.3,14,8.5,10.6,56.8,59.2,15.4,103.91,7.7
Nigel Williams-Goss,0,UTA,25,9,5,4,3.1,0.4,0.1,0.8,14.3,0,0.2,0,0.2,0.2,100,0.2,0.3,0.6,0.6,0.2,0.1,0.1,0.2,2.4,0,0,0.8,95,79.4,15.6,23.8,2.5,33.3,6.5,8.6,7.6,13.3,14.3,25.4,14.1,106.87,5
Nikola Jokic,1,DEN,25,55,38,17,32.5,20.6,8,15.4,51.8,1.2,3.8,32.9,3.4,4.2,81,2.4,7.8,10.2,6.9,3,1.2,0.7,3.1,45.8,35,11,4.1,112.7,107.1,5.6,34.6,2.3,25.4,7.5,24.2,15.8,11,55.8,59.7,27,96.77,18.2
Nikola Vucevic,0,ORL,29,44,19,25,32.2,19,7.6,16.6,45.8,1.7,4.9,34.4,2,2.6,77.6,2.6,8.2,10.8,3.7,1.5,0.9,0.9,2.3,41.5,27,0,-0.2,107.8,108.7,-0.9,19.4,2.52,16.3,7.7,26.2,16.6,6.4,50.9,53.3,25.9,98.93,14.9
Noah Vonleh,0,DEN,24,30,10,20,12,4.1,1.6,2.9,55.2,0.1,0.5,20,0.8,1,80,1.2,2.8,4,0.9,0.7,0.4,0.2,1.3,11.2,0,0,-1.6,98.4,102.6,-4.3,11.2,1.3,17.7,8.4,20.9,14.5,13.6,56.9,61.4,13.5,106.47,12.4
Norman Powell,0,TOR,27,38,29,9,28.2,15.3,5.5,11.1,49.8,2,5.1,40.1,2.2,2.6,84,0.6,3.3,3.9,1.7,1.5,1.3,0.4,2,25.9,0,0,4.1,109.6,102.6,7.1,9,1.12,10.9,2,10,6.2,9.7,58.9,62.3,20.4,103.33,10.9
Norvel Pelle,0,PHI,27,16,10,6,10.2,2.5,1.1,1.8,58.6,0,0,0,0.4,0.8,50,0.9,2.5,3.4,0.4,0.8,0.1,1.4,2.2,11,0,0,-2.9,97.9,110.9,-13,6.1,0.58,13,8.2,22.7,15.6,22.2,58.6,58.3,12.1,99.46,7.2
OG Anunoby,0,TOR,22,54,39,15,29.1,10.2,4.1,8.2,49.9,1.3,3.4,37.2,0.8,1.2,66.2,1.1,4.3,5.4,1.5,1.2,1.2,0.6,2.4,23.3,5,0,3.4,110.7,105.3,5.4,7.3,1.28,13.4,3.8,13.9,8.9,10.5,57.6,58.6,14.5,101.41,8.3
Omari Spellman,0,MIN,22,49,11,38,18.1,7.6,2.6,6,43.1,0.9,2.2,39.1,1.5,1.9,79.3,1.6,2.9,4.5,1,1.1,0.7,0.5,1.3,16.7,1,0,-2.9,101.2,109.7,-8.5,8.6,0.87,10.8,7.6,15.5,11.4,12.4,50.3,55.1,17.7,102.39,9.8
Oshae Brissett,0,TOR,22,17,13,4,7.5,1.9,0.7,2,35.3,0.2,0.9,20,0.4,0.5,75,0.5,0.8,1.4,0.3,0.4,0.2,0.1,1.1,4.5,0,0,1.5,106.7,97.8,9,5.6,0.71,10,6.5,9.5,8,14,39.7,44,14.4,100.22,2.7
Otto Porter Jr.,0,CHI,27,9,3,6,25.1,11.2,3.9,9.3,41.7,1.8,4.4,40,1.7,2.2,75,0.9,2.6,3.4,1.6,0.8,1,0.3,2.2,20.9,0,0,0.8,109.4,108.4,1,9.2,2,12.4,3.3,10.3,6.6,6.2,51.2,54.4,18.4,101.63,8
P.J. Tucker,0,HOU,35,54,34,20,34.9,7.4,2.6,6,43.5,1.5,4,36.4,0.7,0.8,84.1,1.5,5.4,7,1.6,1.1,1.2,0.4,3.4,21.9,6,0,3,112.5,108.6,3.9,6.1,1.52,17.9,4,14.4,9.2,11.8,55.7,58,8.7,103.74,6
P.J. Washington,0,CHA,21,47,17,30,30.1,11.7,4.4,9.6,46.3,1.3,3.3,37.6,1.5,2.3,65.5,0.9,4.6,5.5,2,1.6,0.9,0.8,2.8,25,4,0,-3.6,103.9,110.2,-6.3,10.9,1.3,14.3,2.8,14.9,8.8,11.1,52.9,55,17.6,97.71,8.3
PJ Dozier,0,DEN,23,15,11,4,14.8,5.5,2.3,5.5,41,0.5,1.7,26.9,0.5,0.7,63.6,0.3,1.7,2,1.7,0.7,0.5,0.3,1.8,12.1,0,0,0.3,86.5,76,10.5,23.5,0,33.3,0,12,5.1,0,0,6.3,12.9,110.05,0
Pascal Siakam,1,TOR,26,44,34,10,35,23.5,8.8,19.1,45.8,2.1,5.8,36.2,3.9,4.8,80.2,1.2,6.4,7.5,3.5,2.4,1,0.9,2.8,41,10,0,6.8,113.4,104.5,8.9,15.9,1.45,12.8,3.3,16.7,10.3,8.8,51.3,55.3,28.6,101.64,13.1
Pat Connaughton,0,MIL,27,50,44,6,18.3,4.9,1.9,4.3,45.3,0.7,2.2,31.8,0.4,0.5,72,0.9,3.5,4.4,1.6,0.8,0.3,0.5,1,14.3,0,0,2,108.2,102.8,5.4,11.2,1.98,23.1,4.3,15.9,10.4,11.7,53.5,54.9,11.4,107.05,8.9
Patrick Beverley,0,LAC,31,40,30,10,28,8.5,3.1,7.3,43,1.6,4.4,36.4,0.6,1,63.2,1.3,4.5,5.8,4,1.4,1.2,0.6,3.2,25.5,4,0,5.1,113.3,104.4,8.8,18.7,2.94,30.5,4.3,14.8,9.6,10.4,54,54.9,13.2,102.26,9.2
Patrick McCaw,0,TOR,24,31,23,8,24.1,4.9,1.9,4.4,43.8,0.7,1.9,36.2,0.4,0.5,75,0.5,1.6,2.2,2.3,0.8,1.1,0.1,1.5,13.7,1,0,0.5,107.3,105.5,1.8,12.6,2.8,29.3,2.1,6.3,4.2,10.5,51.5,53.1,9.6,101.58,5.6
Patrick Patterson,0,LAC,31,45,29,16,12.8,4.9,1.6,4,39.9,1.1,3,37.3,0.6,0.8,79.4,0.6,2,2.6,0.6,0.3,0.1,0.1,0.9,9.2,0,0,2,108.6,101.9,6.7,6.9,1.93,12.2,4.6,13.9,9.3,6.3,53.9,56.7,14.6,104.45,8.6
Patty Mills,0,SAS,31,54,23,31,23.1,11.7,4,9.2,43.5,2.4,6.2,39,1.3,1.6,82.6,0.3,1.3,1.6,1.9,0.9,0.8,0.1,1.4,18.3,0,0,1.8,112.5,108.9,3.6,11.7,2.24,15.2,1.4,5,3.3,6.8,56.5,59.2,19.1,103.99,8.3
Paul George,0,LAC,30,34,23,11,29.4,21.7,7.1,16.8,42.6,3.3,8.3,39.4,4.2,4.6,89.9,0.4,5.6,6.1,3.9,3,1.3,0.5,2.4,37.5,5,0,4.5,113.4,106,7.4,20.8,1.3,15.3,1.4,17.5,9.7,11.8,52.4,57.8,30.2,103.23,14.5
Paul Millsap,0,DEN,35,35,23,12,24.4,12.1,4.2,8.8,47.6,1.1,2.4,44,2.7,3.1,85.3,2,3.9,5.9,1.6,1.2,0.9,0.7,2.8,25.2,4,0,6.6,115.1,101.4,13.8,9.1,1.33,12.4,7.9,16,11.9,9.3,53.6,59.4,19.8,97.8,11.3
Paul Watson,0,TOR,25,4,2,2,5.6,0.3,0,1.8,0,0,0.8,0,0.3,0.5,50,0,0.8,0.8,1,0,0.3,0,0.3,3.4,0,0,1.8,86.5,76,10.5,23.5,0,33.3,0,12,5.1,0,0,6.3,12.9,110.05,0
Quinn Cook,0,LAL,27,34,27,7,11.4,5,2.1,4.7,44.4,0.7,1.8,38.3,0.2,0.3,66.7,0.2,0.9,1.1,1.1,0.7,0.3,0,0.6,8.4,0,0,2.5,109.4,100.5,8.9,14.1,1.65,17,1.7,7.2,4.6,10.3,51.6,52.1,19.5,102.59,8
Quinndary Weatherspoon,0,SAS,23,1,0,1,3.6,0,0,1,0,0,0,0,0,0,0,0,0,0,0,0,0,0,0,0,0,0,-3,66.7,112.5,-45.8,0,0,0,0,0,0,0,0,0,10,113.86,-8.7
RJ Barrett,0,NYK,20,45,13,32,30.5,13.6,4.9,12.7,38.8,1.1,3.4,31.8,2.8,4.5,61.1,1,4.1,5.1,2.4,2.1,1,0.4,2.3,25.3,2,0,-6.5,110.8,108.1,2.6,36.9,3.25,36.8,2.3,11.5,6.9,11.3,45.1,50.7,19.5,103.76,10.9
Rajon Rondo,0,LAL,34,38,29,9,21,7.8,3.1,7.2,42.9,1,2.8,35.2,0.6,0.9,72.7,0.5,2.9,3.3,5.3,2,0.8,0.1,1.3,20.2,2,0,1.5,110.1,107.4,2.6,35.7,2.61,35.4,2.2,13.4,7.7,13.6,49.6,51.3,19,101.4,11.5
Raul Neto,0,PHI,28,44,25,19,10.9,3.9,1.5,3.5,43.8,0.5,1.4,38.1,0.3,0.4,77.8,0.3,0.8,1.1,1.5,0.8,0.5,0.1,0.8,8.3,0,0,0.3,99.8,98,1.8,21.1,1.83,24.5,2.3,7.3,4.9,13.4,51.6,53.4,17.2,101.23,8.4
Rayjon Tucker,0,UTA,22,12,10,2,6.2,1.6,0.7,1.6,42.1,0,0.5,0,0.3,0.4,60,0.2,0.8,0.9,0.2,0.3,0.1,0,0.6,2.9,0,0,-0.7,110.8,115.8,-5.1,3.3,0.67,7.7,2.5,14.1,7.6,11.5,42.1,44.8,13,102.66,3
Reggie Bullock,0,NYK,29,21,8,13,25.9,9.8,3.8,9.5,40,1.6,4.8,33,0.6,0.7,86.7,0.6,1.9,2.5,1.5,0.6,1.1,0,2.3,17.7,0,0,-3,103.9,109.8,-5.8,8,2.38,12.4,2.1,7.5,4.7,5.2,48.3,49.9,16.7,100.28,5.8
Reggie Jackson,0,LAC,30,14,4,10,27.2,14.9,5.4,14.1,38.4,2.2,5.9,37.8,1.9,2.4,78.8,0.8,2.1,2.9,5.1,1.6,0.6,0.1,1.5,26.4,1,0,3.4,111.4,105.9,5.5,31,3.13,23.5,2.8,7.9,5.3,7.5,46.2,49.2,26.6,96.85,10.6
Richaun Holmes,0,SAC,26,37,14,23,29.4,13.1,5.5,8.4,66,0,0,0,2.1,2.5,81.7,3.1,5.4,8.5,1,1.2,1.1,1.4,3.9,30.9,13,0,0.2,109.2,108.5,0.7,5.3,0.8,8.5,10.2,18.7,14.4,10.6,66,69.2,15.8,98.28,12.3
Ricky Rubio,0,PHX,29,47,20,27,31.3,12.3,4.3,10.7,40.1,1.1,3.2,33.8,2.6,3.1,82.9,0.7,3.7,4.4,8.6,2.6,1.4,0.2,2.5,32.4,14,1,1.3,110.8,108.1,2.6,36.9,3.25,36.8,2.3,11.5,6.9,11.3,45.1,50.7,19.5,103.76,10.9
Robert Covington,0,HOU,29,52,17,35,29.6,12.8,4.5,10.3,43.3,2.3,6.6,34.6,1.5,1.9,79.8,0.8,5.2,6,1.2,1.5,1.7,1,3.2,28.3,3,0,-0.3,109.7,109.8,-0.1,5.9,0.8,8.7,2.5,17.3,9.7,11,54.4,57.1,17.6,103.49,8.9
Robert Williams III,0,BOS,22,19,14,5,14.1,3.9,1.7,2.6,67.3,0,0,0,0.4,0.7,57.1,1.2,3.4,4.6,1.1,0.8,0.9,1.1,1.8,16.2,0,0,0.1,110.9,109,1.9,10.8,1.31,22.8,8.5,22.5,15.6,17.4,67.3,67.1,11.2,101.96,12
Robin Lopez,0,MIL,32,50,42,8,13.7,5.2,2.2,4.3,50,0.4,1.4,28.2,0.5,0.9,53.5,0.9,1.7,2.6,0.7,0.8,0.1,0.7,1.1,10.9,0,0,1.2,106.2,102,4.2,6.8,0.8,10.7,6,10,8.1,13.3,54.6,55.1,16,106.55,7
Rodions Kurucs,0,BKN,22,32,10,22,13.2,4.8,1.8,3.6,49.1,0.8,1.7,46.3,0.4,0.7,63.6,0.5,1.9,2.4,0.9,1,0.4,0.1,1.8,9.4,0,0,-0.3,100.2,101.1,-0.9,9.8,0.91,15.4,3.4,12.2,8,17,59.9,60.9,14.9,106.39,7
Rodney Hood,0,POR,27,21,8,13,29.5,11,4.1,8.2,50.6,1.7,3.4,49.3,1,1.3,77.8,0.5,3,3.4,1.5,0.9,0.8,0.2,2.2,19.4,0,0,0.2,112.3,111.6,0.6,6.8,1.68,13.6,1.5,9.2,5.4,8.1,60.8,62.5,13.7,103.31,7.4
Rodney McGruder,0,LAC,28,43,28,15,16.4,3.4,1.3,3.4,38.4,0.5,1.7,27,0.3,0.6,50,0.6,2.3,2.8,0.7,0.4,0.5,0.2,1.5,9.4,0,0,0.4,108.7,106.7,2,5.3,1.53,14.2,3.3,11.9,7.8,9.3,45.2,46,9.9,106.65,4.3
Romeo Langford,0,BOS,20,18,15,3,10.2,3,1.1,2.2,48.7,0.2,0.8,26.7,0.7,0.9,75,0.3,0.7,1,0.2,0.3,0.3,0.3,0.9,6,0,0,2.9,111,97.4,13.6,2.1,0.6,5.5,3,6.2,4.6,9.1,53.8,58.6,11.8,99.85,5
Rondae Hollis-Jefferson,0,TOR,25,43,30,13,19.6,7.6,2.8,5.9,47.6,0,0.4,12.5,1.9,2.6,72.6,2,2.9,4.9,1.8,1,1,0.4,2.1,19.2,2,0,1.9,108.9,103.1,5.8,13.7,1.85,18,9,13.8,11.4,9.7,48,53.7,16.7,101.34,10.5
Royce O'Neale,0,UTA,27,54,36,18,29.2,5.9,2.1,4.7,44.5,1.2,3,40.7,0.4,0.5,82.8,0.4,4.8,5.2,2.5,0.9,0.7,0.4,2.9,18.4,2,0,4.5,114,106.4,7.7,11.2,2.98,30.3,1.3,15.4,8.7,10.2,57.4,59.2,8.6,99.88,6.8
Rudy Gay,0,SAS,33,51,21,30,21,9.5,3.5,7.9,43.9,0.9,3,31.8,1.6,1.9,86.6,0.8,4.5,5.3,1.7,1.4,0.4,0.5,1.4,19.7,4,0,0,107.4,107.8,-0.4,11.9,1.26,14.4,3.8,19.6,11.9,11.4,49.9,54.5,20.2,103.23,10.6
Rudy Gobert,1,UTA,28,52,35,17,34.6,15.6,6,8.7,68.9,0,0,0,3.7,6,61.3,3.7,10.9,14.6,1.5,2,0.7,1.9,3.1,41.2,42,0,6.3,114,105,9,6.5,0.77,10.3,11.3,29.3,20.8,13.2,68.9,69.1,16.7,99.67,15.8
Rui Hachimura,0,WAS,22,30,11,19,28.8,13.9,5.8,11.8,48.7,0.4,1.8,23.6,1.9,2.3,82.6,1.5,4.4,6,1.5,0.9,0.7,0.2,2.2,25.1,3,0,-6.2,109.9,119.9,-10,7.6,1.7,10,5.1,15.5,10.2,5.9,50.6,54,19.8,103.52,9.2
Russell Westbrook,1,HOU,31,45,29,16,36,27.2,10.5,22.7,46.3,1,4,23.8,5.2,6.6,78.5,1.6,6.4,8,7.2,4.4,1.6,0.4,3.6,49.1,19,8,3,110.3,106.4,3.9,34.3,1.64,19.4,4.1,16.3,10.1,11.8,48.4,53.1,32.8,107.49,14.5
Ryan Anderson,0,HOU,32,2,1,1,7,2.5,1,3.5,28.6,0.5,2.5,20,0,0,0,0,3.5,3.5,1,0.5,0.5,0,0.5,9.2,0,0,3.5,124.2,103,21.2,16.7,2,20,0,46.7,28,10,35.7,35.7,24.2,113.41,11.5
Ryan Arcidiacono,0,CHI,26,51,19,32,15,4.2,1.5,3.5,41.1,0.9,2.2,40.7,0.4,0.5,71.4,0.3,1.4,1.7,1.5,0.6,0.4,0.1,1.6,9.4,0,0,-1.4,99.7,103.6,-3.9,14.5,2.63,26.2,1.8,9.5,5.4,10,53.9,55.6,11.8,103.53,6.1
Ryan Broekhoff,0,PHI,29,17,10,7,10.6,4.2,1.3,3.5,37.3,1.2,3,39.2,0.4,0.5,87.5,0.3,2.2,2.5,0.6,0.4,0.3,0.2,0.9,9.4,0,0,0.5,115.5,113.4,2.1,8.3,1.83,13.9,2.5,20.2,11.2,7.6,54.2,56.8,15.5,103.4,8.4
Sekou Doumbouya,0,DET,19,29,9,20,19.7,6.8,2.5,6.4,39.5,0.8,2.6,30.7,0.9,1.3,71.1,0.6,2.8,3.3,0.4,1.1,0.6,0.2,2.1,12.8,2,0,-2.5,105.3,110.8,-5.5,2.8,0.35,4.6,2.8,14.5,8.5,12.9,45.7,48.6,17.2,99.38,4.4
Semi Ojeleye,0,BOS,25,51,36,15,14.9,3,1,2.5,39.5,0.5,1.6,35,0.5,0.5,88.9,0.4,1.5,1.9,0.5,0.2,0.4,0.1,1.1,7.2,0,0,0,104.2,104.1,0.1,5,2.8,15.6,2.5,9.2,5.8,5.6,50.4,54.7,8.3,100.96,5.1
Serge Ibaka,0,TOR,30,44,31,13,27.2,16.1,6.5,12.5,52.6,1.3,3.1,40.4,1.8,2.4,73.8,2,6,8,1.4,1.9,0.5,0.8,2.8,30,15,0,1.4,108.8,106.1,2.7,8.3,0.71,8.1,7.2,19.9,13.7,11.5,57.6,59.7,23.9,101.79,13
Seth Curry,0,DAL,29,51,30,21,23.6,11.5,4.1,8.5,47.9,2.1,4.8,43.5,1.3,1.4,89,0.5,1.8,2.3,1.9,0.9,0.6,0.2,1.6,18.4,0,0,2.3,113.8,110.8,3.1,12.3,2.15,16.4,1.8,7.3,4.5,7.6,60.3,63.1,17.4,100.76,9.3
Shabazz Napier,0,WAS,28,40,12,28,23.3,9.7,3.2,7.8,40.6,1.4,4.4,30.9,2,2.5,82.7,0.5,2.5,3,5.1,2.1,1.1,0.2,1.7,22.6,2,1,-1.7,103.1,106.7,-3.6,32.3,2.38,31.7,1.9,10.5,6,13.3,49.4,54.8,18.8,104.91,10.8
Shai Gilgeous-Alexander,0,OKC,21,55,33,22,35.5,19.5,7,15.1,46.5,1.3,3.6,35,4.1,5.1,80.9,0.7,5.4,6.1,3.2,1.9,1.2,0.7,1.7,35.2,7,1,2.6,113.1,109.1,4,13.9,1.72,14.3,2.1,14.6,8.6,8.3,50.7,56,23.7,99.6,12
Shake Milton,0,PHI,23,22,14,8,14.9,6.3,2.2,5.1,42.9,0.9,2.6,33.3,1,1.4,76.7,0.3,1.8,2,1.5,1,0.4,0,1.9,11.3,0,0,-1,102.4,105.7,-3.3,15.3,1.43,18.1,1.7,11.1,6.4,12.6,51.3,55.1,19,103.28,6.9
Shamorie Ponds,0,TOR,22,4,4,0,2.6,2.3,0.8,1.3,60,0.3,0.5,50,0.5,0.5,100,0,0.3,0.3,0.5,0,0,0.3,0.5,4.1,0,0,0,121.7,127.3,-5.5,40,0,25,0,16.7,6.3,0,70,76.5,22.2,102.05,19.1
Shaquille Harrison,0,CHI,26,33,11,22,7.7,3.4,1.2,2.8,44.1,0.2,0.6,33.3,0.7,0.9,74.2,0.2,1.1,1.4,0.9,0.4,0.5,0.2,0.8,8.3,1,0,1.7,105.2,95,10.2,18.6,2.58,20.7,2.9,13.9,8.2,8,47.8,52.5,19.1,102.02,11.5
Skal Labissiere,0,ATL,24,33,14,19,17.2,5.8,2.5,4.5,55.1,0.1,0.4,23.1,0.8,1,75.8,2,3.2,5.1,1.3,0.9,0.2,0.9,2.7,16.4,1,0,0.4,107.8,106.5,1.3,10.6,1.4,17.9,10.5,15.5,13.1,12.8,56.1,58.8,13.9,103.4,9.3
Solomon Hill,0,MIA,29,48,25,23,18.8,5.7,2,4.9,41.2,1.2,3.1,38.1,0.5,0.8,68.4,0.5,2.5,3,2,0.8,0.6,0.1,1.5,13.8,0,0,-1.1,109.4,111.2,-1.8,13.2,2.35,24.4,2.6,12.5,7.7,10.4,53.2,54.9,13.4,104.44,7.1
Spencer Dinwiddie,0,BKN,27,53,25,28,31.2,21,6.8,16.4,41.7,1.9,6.2,30.9,5.3,6.9,77.5,0.5,3,3.5,6.6,2.7,0.7,0.3,2.8,35.3,7,0,1.7,110.4,107.9,2.5,33.7,2.44,23.1,1.5,8.4,5.1,9.5,47.5,53.8,29,102.04,12.2
Stanley Johnson,0,TOR,24,17,13,4,5,1.2,0.5,1.6,28.6,0.1,0.7,16.7,0.2,0.2,75,0.2,0.9,1.1,0.4,0.5,0.2,0.1,0.5,3.4,0,0,-1.1,88.8,98.9,-10.1,11.5,0.75,13.6,3.2,15.2,9.3,18.2,32.1,35.3,18.4,102.21,3.9
Stanton Kidd,0,UTA,28,4,3,1,3.8,0,0,0.8,0,0,0.3,0,0,0,0,0,0.8,0.8,0.3,0.5,0,0,0.8,0.8,0,0,-0.3,91.2,88.9,2.3,10,0.5,16.7,0,15.8,9.1,33.3,0,0,13.9,109.92,-7.7
Stephen Curry,0,GSW,32,4,1,3,28,20.3,6.8,16.5,40.9,2.3,9.3,24.3,4.5,4.5,100,1,4,5,6.5,3.8,1.3,0.5,2.5,37.5,1,0,-8,107.8,121.2,-13.4,34.7,1.73,22.6,3,13.8,8,13,47.7,54.8,29.5,109.63,12.3
Sterling Brown,0,MIL,25,37,30,7,15,5.3,1.9,4.9,38.7,0.8,2.5,33.7,0.7,0.9,78.8,0.7,3.3,4,1,0.8,0.6,0.1,1.1,12.8,1,0,2.9,107.2,98.9,8.2,8.9,1.16,13.8,4.3,18.1,11.5,11.9,47.2,50.4,16,106.71,9
Steven Adams,0,OKC,26,49,30,19,27,10.7,4.4,7.6,58.3,0,0.1,33.3,1.8,3,58.8,3.3,6,9.3,2.6,1.5,0.7,1.1,2,29.7,18,0,2.6,111.2,106.8,4.5,13.9,1.68,19.7,12.8,21.1,17.1,11.7,58.4,59.7,16.5,100.53,13.3
Svi Mykhailiuk,0,DET,23,47,16,31,22.1,8.9,2.9,6.8,43.1,2,4.8,42.2,1,1.2,86,0.3,1.4,1.7,1.6,1,0.6,0.1,1.5,14.5,0,0,0.6,109.4,108.4,0.9,10.3,1.62,16.5,1.2,6.4,3.8,10.2,58,60.9,15.7,100.56,7.1
T.J. Leaf,0,IND,23,22,13,9,8.2,3,1.3,3,42.4,0.2,0.6,35.7,0.3,0.5,60,0.9,1.8,2.7,0.3,0.3,0.3,0.1,0.8,7.8,1,0,-0.5,94,97.7,-3.7,4.9,1,7.2,9.8,18.4,14.3,7.2,46.2,47.6,17.1,105.3,10.3
T.J. McConnell,0,IND,28,53,31,22,19.2,6.8,3.1,5.9,52.4,0.1,0.2,30.8,0.5,0.7,82.9,0.5,2.2,2.7,5.2,1.4,0.7,0.2,1.1,19.3,2,0,0.8,108.6,107.2,1.3,36.9,3.74,40.7,2.7,10.6,6.8,10.9,53,54.9,17,101.63,12.6
T.J. Warren,0,IND,26,52,32,20,32.3,18.5,7.4,14,53,1.1,2.9,37.3,2.6,3.2,79.8,0.9,2.8,3.7,1.4,1.2,1.2,0.5,2.7,28.9,0,0,1.2,109.5,107.6,1.9,6.7,1.18,7.7,2.8,8.5,5.7,6.5,56.9,60,22.2,98.78,10.5
Tacko Fall,0,BOS,24,6,5,1,4,3.2,1.5,2,75,0,0,0,0.2,0.5,33.3,0,1.8,1.8,0,0.5,0,0.3,0.8,5.9,0,0,1.2,103.6,90.9,12.7,0,0,0,0,36.7,22,18.8,75,71.3,28.1,109.38,20
Taj Gibson,0,NYK,35,52,17,35,16.5,5.8,2.6,4.5,57.2,0.1,0.2,27.3,0.5,0.8,70,1.8,2.5,4.3,0.9,0.8,0.4,0.4,2.1,14.2,0,0,-4.1,101.6,113.7,-12.1,8.3,1.18,13.9,9.8,16.2,12.7,11.8,57.8,59.3,14.3,99.18,9.2
Talen Horton-Tucker,0,LAL,19,2,1,1,2.7,0,0,0.5,0,0,0.5,0,0,0,0,0,0,0,1,0,0.5,0,0,3,0,0,-3.5,55.6,120,-64.4,100,0,66.7,0,0,0,0,0,0,10,85.77,14.8
Tariq Owens,0,PHX,25,3,0,3,5.1,1.3,0.3,1.7,20,0,0.7,0,0.7,0.7,100,0.7,0.3,1,0,0,0.3,0,0.3,3.5,0,0,-5.3,83.9,127.3,-43.4,0,0,0,10.5,6.7,8.8,0,20,34,17.1,99.74,3.1
Taurean Prince,0,BKN,26,53,25,28,29.7,12.4,4.5,11.7,38.3,2.4,6.9,35,1,1.3,77.5,0.8,5.4,6.2,2,2,0.9,0.4,2.4,24.9,8,0,1.6,110.6,108.4,2.2,9.6,1.01,12.3,2.5,16.6,9.6,12.2,48.6,50.4,19.8,102.1,8
Terance Mann,0,LAC,23,34,22,12,8,1.6,0.6,1.6,40.7,0.1,0.4,25,0.3,0.4,75,0.1,0.9,1,1.1,0.4,0.2,0.1,1.1,5.2,0,0,0.2,103.5,102.3,1.2,18.5,2.71,34.2,1.4,9.8,5.7,12.6,43.5,47.2,10.9,106.91,4.8
Terence Davis,0,TOR,23,55,40,15,17.3,7.9,2.9,6.1,47.5,1.5,3.5,41.9,0.7,0.8,88.1,0.8,2.7,3.5,1.7,1,0.5,0.2,1.7,16,1,0,4.3,113.9,102,11.9,14.5,1.76,18.9,4.4,13.8,9.3,10.8,59.3,61.5,17.6,101.3,11.3
Terrance Ferguson,0,OKC,22,41,23,18,25,4.5,1.6,4.2,38.7,1,3.3,31.3,0.2,0.3,76.9,0.5,1.1,1.6,1,0.6,0.6,0.3,3.1,9.9,0,0,-1.6,109,110.9,-1.9,5.2,1.54,16.3,2.2,4.3,3.3,10.6,50.9,52,8.9,97.9,1.2
Terrence Ross,0,ORL,29,53,23,30,26.8,13.4,4.5,11.8,38.7,2.2,6.9,32.2,2,2.4,83.7,0.2,2.8,3,1.1,1,1.1,0.4,1.4,22.1,0,0,-1.8,101.6,105.8,-4.2,7,1.09,7.4,0.7,10.2,5.2,6.8,48.2,52.1,21.3,99.51,8.8
Terry Rozier,0,CHA,26,53,17,36,34.2,17.8,6.2,14.9,41.8,2.6,6.8,38.5,2.7,3.2,86.8,0.8,3.7,4.5,4.1,2.4,1,0.2,2.1,30.8,2,0,-7.2,103.5,113.5,-10,21,1.73,18.2,2.2,11.2,6.5,10.5,50.5,54.6,23.4,96.96,10.2
Thabo Sefolosha,0,HOU,36,38,25,13,10.8,2.4,1,2.2,43.5,0.4,1.3,29.4,0,0.2,16.7,0.6,1.8,2.4,0.6,0.4,0.5,0.3,1.1,8.3,0,0,0.2,109.3,108.3,1,7.7,1.71,19.2,4.5,15.2,9.8,11.2,52.4,51.3,9.9,106.49,6.7
Thaddeus Young,0,CHI,32,54,19,35,24,9.7,4,9,44.1,1.1,3.3,33.9,0.6,1.1,58.6,1.4,3.3,4.7,1.7,1.6,1.2,0.3,2,20.8,1,0,-2.6,101.4,106.6,-5.1,11,1.07,13.3,5.4,14.3,9.6,12.5,50.3,51.1,19.2,102.28,8.3
Thanasis Antetokounmpo,0,MIL,27,15,13,2,4.1,2,0.9,1.5,56.5,0,0.2,0,0.3,0.6,44.4,0.4,0.1,0.5,0.4,0.3,0.1,0.1,0.6,3.4,0,0,-0.7,97.8,105,-7.2,15.4,1.2,16.2,10.2,1.4,5.3,13.5,56.5,55.6,20,109.89,5.3
Theo Pinson,0,NYK,24,28,12,16,12.2,4.2,1.6,5.4,29.3,0.5,2.8,19.5,0.5,0.6,93.8,0.4,1.4,1.7,1.9,1.1,0.5,0.1,1.2,9.7,0,0,-1,96.6,99.7,-3.2,23.5,1.63,21.7,2.6,9.5,6.1,13.3,34.3,37.6,22.6,102.56,4.8
Thomas Bryant,0,WAS,22,29,10,19,25.5,12.9,5.2,8.9,58.8,0.5,1.5,34.1,1.9,2.6,74.7,2,5.4,7.4,2.2,1.4,0.3,0.9,2.3,27.4,7,0,-5.4,110.7,120.4,-9.7,12,1.56,16.3,7.7,20.7,14.2,10.4,61.7,64.3,18.2,105.04,12.1
Thon Maker,0,DET,23,52,19,33,12.7,4.7,1.5,3,51.3,0.3,1,33.3,1.3,2,66.7,0.9,1.7,2.7,0.6,0.8,0.4,0.6,1.7,11,2,0,-1.7,105.2,110.2,-5,7.8,0.8,12,7.3,14,10.6,15,56.8,61.1,15.6,99.38,7.6
Tim Frazier,0,DET,29,27,9,18,13.1,3.6,1.3,3.5,36.2,0.4,1.1,33.3,0.7,0.9,79.2,0.3,0.9,1.2,3.4,1.3,0.5,0.1,1.6,10.9,0,0,-2,100.5,107.4,-6.9,39.1,2.58,39.6,2.4,7.1,4.7,15.3,41.5,46.4,17.1,100.04,6.8
Tim Hardaway Jr.,0,DAL,28,52,32,20,27.4,14.8,5.1,11.9,43.3,2.8,6.8,40.3,1.7,2.1,81.1,0.4,2.6,3,2,0.9,0.6,0.1,1.7,22.5,0,0,5.7,117,108,9,10.5,2.15,12.7,1.3,8.4,5,5.9,54.9,57.6,20.7,101.58,9
Timothe Luwawu-Cabarrot,0,BKN,25,28,10,18,15.1,5.2,1.6,4,41.1,0.9,2.2,39.3,1.1,1.4,78.9,0.4,1.7,2.1,0.5,0.8,0.5,0.1,1.7,9.5,0,0,-3.8,94.3,104.5,-10.2,5.3,0.67,8.5,2.5,9.5,6,12.7,51.8,56.7,14.5,104.62,5.6
Tobias Harris,0,PHI,27,55,34,21,34.3,19,7.4,15.7,47.2,1.8,4.9,36.3,2.4,2.9,80.2,0.7,6.1,6.7,3,1.5,0.7,0.6,2.2,33.9,8,0,2.5,108.5,104.8,3.6,13.9,2.02,14.1,1.9,17.3,9.6,7,52.9,55.8,23.1,99.35,12.6
Tomas Satoransky,0,CHI,28,55,19,36,28.6,10.3,3.7,8.4,44.5,1.1,3.1,34.1,1.7,1.9,88.7,1,2.6,3.7,5.3,1.9,1.3,0.1,2,25,2,0,-0.2,107.9,108,0,26.8,2.77,32.3,3.5,9.5,6.4,11.7,50.9,55.4,16.5,101.2,9.8
Tony Bradley,0,UTA,22,41,28,13,10.2,4.4,2,3,65,0,0,0,0.5,0.8,61.8,1.7,2.5,4.3,0.3,0.5,0.2,0.4,2,11.3,0,0,-0.7,106,107.2,-1.2,3.9,0.52,6.5,15.7,22.7,19.3,12.4,65,65.6,15.4,104.28,11.6
Tony Snell,0,DET,28,50,17,33,27.5,8.1,2.9,6.5,45.1,1.8,4.4,41.2,0.4,0.4,100,0.1,1.6,1.8,1.9,0.5,0.5,0.2,1.6,14.7,0,0,-2.8,105.9,111.4,-5.5,9.7,3.92,20.8,0.5,6,3.2,5.3,59,60.6,11.1,98.9,6
Torrey Craig,0,DEN,29,42,31,11,18.1,4.9,1.9,4.2,45.1,0.7,2.2,31.9,0.5,0.7,64.5,1,2.4,3.4,0.7,0.5,0.4,0.7,2.3,12.6,2,0,-2,106.4,109.6,-3.1,5.1,1.47,12.1,5.4,12.9,9.1,8.2,53.4,54.9,11.5,98.09,5.5
Trae Young,1,ATL,21,50,13,37,35.2,29.7,9.2,20.7,44.3,3.5,9.4,36.9,7.8,9.2,85.2,0.6,3.8,4.4,9.2,4.9,1.2,0.1,1.7,47.6,21,2,-4.4,110.4,116.2,-5.8,42,1.89,23.8,1.6,10.3,6,12.6,52.7,59.9,34,105.24,16.3
Tremont Waters,0,BOS,22,9,7,2,8.1,3.1,1.1,3.1,35.7,0.2,1.7,13.3,0.7,0.7,100,0,0.8,0.8,1.1,0.9,0.6,0.2,1.1,7.2,0,0,2.3,113.1,100.6,12.5,19.2,1.25,20.4,0,8.5,4.5,16.3,39.3,45.7,20.7,104.84,5.3
Treveon Graham,0,ATL,26,45,17,28,17.4,4.4,1.6,4.5,34.7,0.6,2.2,25,0.7,1,73.3,0.8,1.9,2.7,0.7,0.5,0.4,0.1,1.8,9.8,0,0,-2.5,102.2,108.1,-5.9,5.7,1.35,11.2,3.9,10,6.9,8.3,40.8,44.6,12.9,103.71,3.6
Trevor Ariza,0,POR,35,43,18,25,26.4,7,2.4,5.7,42.7,1.3,3.7,36.3,0.8,1,83.3,0.7,3.9,4.6,1.6,0.9,1.3,0.3,2,18.6,0,0,-0.7,107,108.3,-1.3,8.2,1.86,18.5,2.4,14.5,8.4,9.9,54.5,57.3,11.3,100.81,7.8
Trey Burke,0,DAL,27,25,13,12,13.1,5.9,2.4,5.1,46.5,0.6,1.5,42.1,0.5,0.7,72.2,0.6,0.8,1.4,2.1,0.5,0.3,0,0.8,11.2,0,0,1.5,110.7,105.9,4.8,23.8,4.42,26.5,4.5,6.1,5.3,6,52.8,54.5,18.8,96.84,10.7
Trey Lyles,0,SAS,24,54,23,31,18.4,5.4,2.1,4.8,43.4,0.8,2.4,35.4,0.4,0.6,68.8,1.2,4.5,5.6,1,0.6,0.3,0.4,1.5,15.3,1,0,-0.5,111.6,113.1,-1.6,7.1,1.72,15.3,6.3,24.2,15.3,8.9,52.1,53.5,13.1,100.91,8.6
Tristan Thompson,0,CLE,29,50,14,36,30.6,12.1,5.1,9.9,51.2,0.1,0.3,50,1.8,2.9,63.9,4.1,6.2,10.3,2.1,1.9,0.6,0.9,2.2,30.2,23,0,-7.3,104.2,115.6,-11.3,10.2,1.08,13.6,12.8,20.5,16.5,12.5,51.9,54.3,17.9,99.25,10.7
Troy Brown Jr.,0,WAS,20,50,19,31,25.8,10.2,4,8.6,45.8,0.8,2.4,33.3,1.5,2,75.8,1.1,4.5,5.6,2.3,1,1.3,0.1,1.9,23.7,4,0,-2.5,109.3,113.7,-4.4,12.4,2.23,18.1,4,17.3,10.4,8.1,50.5,53.7,16.6,104.69,10.1
Troy Daniels,0,DEN,28,39,30,9,11.4,4.3,1.5,3.9,39.2,1,2.8,36.1,0.3,0.4,66.7,0.3,0.8,1.1,0.4,0.2,0.2,0.1,0.8,6.8,0,0,-0.1,103.1,103.5,-0.3,4.6,1.56,7.8,2.5,6.4,4.5,5,52,52.9,15.3,102.73,5.8
Ty Jerome,0,PHX,22,21,9,12,11.8,4,1.5,4,37.6,0.5,1.7,31.4,0.4,0.6,75,0.3,1.4,1.7,1.8,0.7,0.7,0.1,1.1,10.4,0,0,-4,97.7,113.1,-15.4,25.3,2.64,26.2,2.1,12.3,6.8,9.9,44.1,46.5,17,102.23,8.2
Tyler Cook,0,DEN,22,11,3,8,3.2,1.7,0.6,0.9,70,0,0,0,0.5,0.5,83.3,0.4,0.5,0.9,0.1,0.1,0.1,0,0.4,3.1,0,0,-1.3,102.7,115.2,-12.5,5,1,6.7,10.5,18.8,14.3,6.7,70,75.2,16.9,105.89,12.3
Tyler Herro,0,MIA,20,46,31,15,27.7,13.1,4.8,11.5,41.4,2.2,5.5,39.3,1.4,1.7,83.5,0.3,3.7,4,2,1.6,0.6,0.2,1.3,21.7,0,0,-0.1,107.3,108.5,-1.2,11.6,1.26,12.6,1.1,12.6,7,9.9,50.8,53.5,21,100.24,9.2
Tyler Johnson,0,BKN,28,31,11,20,16.6,5.7,2.1,5.5,38,0.8,2.7,28.9,0.8,1,75,0.3,1.4,1.7,1.6,0.8,0.4,0.3,1.4,11.3,0,0,-3.3,99.1,107.2,-8.1,14.9,2.08,19.2,1.8,7.6,4.7,9.2,45,48.1,16.9,105.3,5.6
Tyrone Wallace,0,ATL,26,14,3,11,11.5,2.9,1,3.1,31.8,0.1,1.1,6.7,0.8,1.2,64.7,0.2,1.4,1.6,0.9,0.7,0.5,0.1,1.4,7.1,0,0,-2.3,93.9,102.3,-8.3,12.3,1.3,17.3,1.6,12.3,6.5,13.3,33,38.9,15.4,104.3,3.2
Tyson Chandler,0,HOU,37,26,15,11,8.4,1.3,0.5,0.7,77.8,0,0,0,0.2,0.5,46.2,1,1.6,2.5,0.2,0.3,0.2,0.3,1.2,6,0,0,1.2,109.7,104.1,5.7,3.7,0.75,15.8,9.7,17.2,13.3,21.1,77.8,71.7,5.7,107.95,6.1
Tyus Jones,0,MEM,24,54,28,26,18.8,6.9,2.9,6.2,46.8,0.6,1.6,38.6,0.5,0.7,77.8,0.1,1.4,1.6,4.5,0.9,0.9,0.1,0.6,17.6,0,0,-1.6,106.5,110.7,-4.2,31.8,5.17,38,0.6,7.4,3.9,7.4,52,53.6,15.7,106.53,10.6
Udonis Haslem,0,MIA,40,2,2,0,5.4,2.5,0.5,0.5,100,0,0,0,1.5,2,75,0,1.5,1.5,0,0,0,0,1.5,4.3,0,0,-3.5,104.5,130.4,-25.9,0,0,0,0,33.3,17.6,0,100,90.6,13,99.88,11.9
Vic Law,0,ORL,24,3,0,3,1.5,0,0,0.7,0,0,0.3,0,0,0.7,0,0,0,0,0,0,0,0,0,0,0,0,1,70,44.4,25.6,0,0,0,0,0,0,0,0,0,27.3,102.36,-100
Victor Oladipo,0,IND,28,7,2,5,25,11.1,4,12.1,32.9,1.4,5.9,24.4,1.7,2.1,80,0.9,1.1,2,2.9,1.7,0.6,0.1,1.3,18.3,0,0,-5.4,98.9,109.1,-10.2,17.9,1.67,16.1,3.3,4.5,3.9,9.7,38.8,42.6,25.7,99.08,5
Vince Carter,0,ATL,43,49,14,35,15.3,5.3,1.9,5.3,35.4,1,3.6,29.3,0.5,0.6,79.3,0.3,1.9,2.2,0.9,0.6,0.4,0.5,1.6,11.3,0,0,-2.4,101,109.5,-8.5,8.8,1.47,12.7,1.7,11.6,6.5,8.6,45.2,47.3,16.5,105.26,5.2
Vincent Poirier,0,BOS,26,18,16,2,6,1.9,0.8,1.7,46.7,0.1,0.1,50,0.3,0.4,85.7,0.5,1.3,1.8,0.4,0.3,0.1,0.3,1.2,5.7,0,0,-0.3,102.9,104.5,-1.6,9.2,1.17,15.2,8.1,18.6,13.8,13,48.3,52.9,14.6,107.96,7.1
Vlatko Cancar,0,DEN,23,11,6,5,3.4,1.4,0.5,1,45.5,0.1,0.5,20,0.4,0.4,100,0.3,0.5,0.7,0.3,0.3,0.1,0.1,0.5,2.9,0,0,0.1,111,107.1,3.8,9.7,1,15.8,9.1,13.2,11.3,15.8,50,58.8,17.4,104.99,6.6
Wayne Ellington,0,NYK,32,28,5,23,15.3,5.1,1.7,4.8,35.8,1.3,3.8,34.6,0.4,0.5,84.6,0.1,1.5,1.6,1,0.5,0.4,0.1,1,9.5,0,0,-0.7,101,104.4,-3.4,9.9,1.87,15.5,0.8,9.4,5,8.3,49.6,51.5,14.7,100.54,6.6
Wendell Carter Jr.,0,CHI,21,37,13,24,30,11.7,4.5,8.4,53.7,0.2,0.8,21.4,2.6,3.5,73.6,3.5,6.4,9.9,1.2,1.7,0.8,0.9,3.8,28.8,17,0,0.7,105.7,104.3,1.4,6.1,0.71,9.3,10.9,21.6,16,13.1,54.7,59.2,16.3,100.67,10.6
Wenyen Gabriel,0,POR,23,18,5,13,6.6,1.8,0.7,1.7,38.7,0.1,0.7,16.7,0.4,0.7,58.3,0.4,0.7,1.1,0.2,0.4,0.3,0.2,0.9,4.5,0,0,-2.6,92.9,110.5,-17.6,5.1,0.57,8.5,4.9,11.9,7.8,14.9,41.9,45.5,14.1,107.8,2.7
Wes Iwundu,0,ORL,25,41,18,23,18.3,5.1,1.7,4.3,38.2,0.5,1.5,32.3,1.3,1.6,81.8,0.5,2,2.6,1.1,0.4,0.6,0.2,1.5,12,0,0,0,102.3,103.6,-1.2,8.3,2.59,16.4,2.6,11,6.6,6.3,43.8,50.7,12.7,100.49,6.2
Wesley Matthews,0,MIL,33,51,43,8,24.6,7.5,2.5,6.3,40.6,1.6,4.3,37.1,0.8,1,77.4,0.2,2.3,2.5,1.4,0.7,0.6,0.2,1.5,14.2,0,0,7,111.6,99.2,12.4,7,1.97,15.8,0.8,7.6,4.4,8,53.4,55.8,12.3,107.22,5.5
Will Barton,0,DEN,29,48,33,15,33.3,15.1,5.8,12.9,44.7,1.8,4.8,38.2,1.8,2.4,76.1,1.5,5,6.5,3.7,1.4,1.1,0.5,2,31.8,7,0,4.8,112.8,106.4,6.5,16,2.67,19.6,4.3,14.6,9.5,7.3,51.7,54.3,19.6,97.71,11.1
William Howard,0,HOU,26,2,1,1,6.6,0,0,2,0,0,2,0,0,0,0,0,1,1,0.5,0.5,0,0,0.5,1.5,0,0,-8,62.1,113.3,-51.3,20,1,16.7,0,25,7.7,16.7,0,0,15.2,106.73,-8.6
Willie Cauley-Stein,0,DAL,26,50,13,37,21,7.5,3.3,5.8,57.4,0,0,0,0.8,1.3,61.9,1.6,4.3,5.9,1.3,0.8,1,1.2,2.4,22.2,3,0,-2.4,102.2,107.5,-5.3,9.8,1.72,15.8,7.2,19.8,13.4,9.2,57.4,58.5,14.6,100.47,11.1
Willy Hernangomez,0,CHA,26,24,4,20,10.6,5.7,2.2,4.2,52.5,0.2,0.8,25,1.1,1.9,56.5,1.3,2.3,3.6,0.7,0.9,0.3,0.2,1.2,11.5,1,0,-1,100.6,105.8,-5.3,11.2,0.73,9.9,10.3,22,15.7,13.7,55,56.5,23.6,100.51,12.4
Wilson Chandler,0,BKN,33,25,11,14,20.7,6.2,2.3,5.3,42.9,1,3.3,30.1,0.7,0.8,89.5,0.3,4,4.4,1.2,1.1,0.6,0.3,2.2,15,0,0,-4.5,98.2,107.1,-9,9.4,1.15,15.6,1.5,17.2,9.6,13.6,52.3,55.2,13.5,103.38,7.9
Yogi Ferrell,0,SAC,27,42,16,26,11.1,4.4,1.6,3.9,40.9,0.5,1.6,28.8,0.7,0.8,85.7,0.1,1,1.1,1.4,0.5,0.3,0.1,0.7,8.4,0,0,-0.4,101.3,104,-2.7,18.9,2.48,22,1.2,9.1,4.9,8.9,46.6,51,18.2,100.55,9.1
Yuta Watanabe,0,MEM,25,9,4,5,5.4,1.8,0.7,1.6,42.9,0.2,0.4,50,0.2,0.4,50,0.1,0.8,0.9,0.1,0.1,0.1,0.1,0.6,3.6,0,0,2.3,110.8,93.6,17.2,2.3,1,5.6,2,12.7,7.7,5.6,50,50.8,13.7,107.79,4.9
Zach Collins,0,POR,22,3,2,1,28.8,9,3,6.3,47.4,1,2.3,42.9,2,2,100,1.3,2.7,4,2,2,0,0.7,3.7,16.8,0,0,6.3,116.3,103.2,13.1,8.3,1,17.6,5.6,8.2,7.1,17.6,55.3,62.4,13.9,103.61,5.1
Zach LaVine,0,CHI,25,55,19,36,34.5,25.3,8.8,19.6,44.8,3.1,7.9,38.5,4.7,5.7,82.4,0.7,4.1,4.8,4.1,3.3,1.4,0.5,2.1,39.7,2,0,-2.9,106.6,110.6,-4,21.5,1.26,14.1,1.9,12.5,7,11.2,52.6,57.3,30.9,100.84,13.3
Zach Norvell Jr.,0,GSW,22,5,2,3,8.2,2,0.6,2.4,25,0.6,1.6,37.5,0.2,0.2,100,0,1.2,1.2,0.6,0.6,0.4,0,0.8,4.9,0,0,-5.4,103.3,135.6,-32.3,9.1,1,16.7,0,20.7,8.6,16.7,37.5,40.2,14.7,107.05,2.6
Zhaire Smith,0,PHI,21,7,3,4,4.6,1.1,0.4,1.6,27.3,0,0.4,0,0.3,0.6,50,0,0.3,0.3,0.3,0.3,0.4,0,0.6,2.9,0,0,-1.4,102.8,115.1,-12.3,8.3,1,11.8,0,8,3.1,11.8,27.3,31.3,16.5,107.63,-0.8
Zion Williamson,0,NOP,19,10,5,5,27.4,22.1,8.3,14.4,57.6,0.4,1.1,36.4,5.1,7.8,65.4,3.5,4,7.5,2.2,2.8,0.7,0.4,1.7,34.9,2,0,7.4,114.8,102.1,12.7,12.2,0.79,9.6,12.4,12.5,12.4,12.2,59,62,29.3,106.85,14.8
Zylan Cheatham,0,NOP,24,3,2,1,10.2,1.3,0.7,1.7,40,0,0.3,0,0,0,0,0.3,1.7,2,0.7,1,0,0.3,1.7,4.7,0,0,-10,74.6,118.5,-43.9,13.3,0.67,20,3.1,15.2,9.2,30,40,40,11.4,100.14,0.9
